TwitterHandle,Date,TweetsAgo,Compound,Positive,Negative,Neutral,Tweet
BBC,2018-10-12 18:12:03+00:00,1,-0.6124,0.0,0.75,0.25,Forget the fake and the filtered... This Welsh artist posts illustrations of REAL women on Insta. https://t.co/oTwU6WlCo3
BBC,2018-10-12 16:05:08+00:00,2,0.4389,0.182,0.818,0.0,"Deep-fried Mars bars are wayyyy more complicated than you think! üò≤ 
#MonkmanAndSeagull https://t.co/ySvvRvVYYy"
BBC,2018-10-12 15:44:40+00:00,3,0.7579,0.228,0.772,0.0,RT @BBCOne: .@HarryConnickJR is such a big fan of @BTS_twt that he had to get a nearly selfie. (We love that @WhoopiGoldberg made it in to‚Ä¶
BBC,2018-10-12 15:25:04+00:00,4,0.0,0.0,1.0,0.0,"Leaving the office on a Friday like... 
#FridayFeeling https://t.co/PURrd1W0yz"
BBC,2018-10-12 14:43:35+00:00,5,-0.7096,0.0,0.815,0.185,RT @BBCWomansHour: üíõ Why I‚Äôm talking about child loss üíõ Elle Wright‚Äôs son Teddy died at 3 days old. She found people didn‚Äôt know what to sa‚Ä¶
BBC,2018-10-12 14:08:35+00:00,6,0.6114,0.174,0.826,0.0,"RT @BBCOne: That time @RealHughJackman impersonated Mary Berry - complete with ALL the innuendo.

Happy Birthday Hugh Jackman! 50 years old‚Ä¶"
BBC,2018-10-12 13:56:43+00:00,7,0.743,0.249,0.751,0.0,"Princess Eugenie opted for a wedding dress that showed her scar, saying she hoped it would honour those who had hel‚Ä¶ https://t.co/2o5nW8ZSQp"
BBC,2018-10-12 13:04:05+00:00,8,-0.3818,0.0,0.894,0.106,"üêç An elderly woman had the ""shock of her life"" when she found a 3ft (90cm) snake in her oven in Stockport.
üëâ‚Ä¶ https://t.co/nELdK2acl6"
BBC,2018-10-12 12:04:05+00:00,9,0.4588,0.188,0.812,0.0,When you've got your sights set on your optician üòç https://t.co/7qi3Xt61Qm
BBC,2018-10-12 11:42:59+00:00,10,0.5994,0.262,0.738,0.0,"RT @BBCNews: Congratulations Princess Eugenie and Jack Brooksbank  #RoyalWedding üë∞ü§µüéä

https://t.co/8V2vWFJ6RP https://t.co/lH61G1Kiod"
BBC,2018-10-12 11:03:05+00:00,11,0.0,0.0,1.0,0.0,"A dad‚Äôs campaign for changing tables in men's loos has gone viral, striking a chord with fathers across the world.‚Ä¶ https://t.co/RwStjXbZ85"
BBC,2018-10-12 10:56:18+00:00,12,0.636,0.181,0.819,0.0,RT @BBCLookNorth: Katie's guide dog Domino loved her so much he learnt how to understand sign language! üê∂ https://t.co/tCknSl8mIc
BBC,2018-10-12 10:49:13+00:00,13,0.0,0.0,1.0,0.0,"The wedding of Princess Eugenie and Jack Brooksbank is taking place at St George's Chapel.

Take a look at some of‚Ä¶ https://t.co/C9nc3FIlPN"
BBC,2018-10-12 10:47:24+00:00,14,0.7351,0.206,0.794,0.0,RT @bbcthree: When you've got a #RoyalWedding at 11 but Harry Potter has to catch you to win a Quidditch match at 2 https://t.co/U6uKx3dgct
BBC,2018-10-12 10:12:36+00:00,15,0.0,0.0,1.0,0.0,"RT @BBCNews: Princess Eugenie arrives at St George's Chapel, Windsor for her wedding to Jack Brooksbank #RoyalWedding

For live coverage -‚Ä¶"
BBC,2018-10-12 10:05:03+00:00,16,0.2263,0.114,0.806,0.081,"RT @BBCAfrica: ""A Muslim girl wouldn't do this."" 

After years of hiding her boxing from family &amp; friends, Ramla Ali is preparing to compet‚Ä¶"
BBC,2018-10-12 10:01:42+00:00,17,0.4767,0.119,0.881,0.0,RT @BBCNews: Cheers for the Queen and Duke of Edinburgh arriving at St George's Chapel for the marriage of Princess Eugenie and Jack Brooks‚Ä¶
BBC,2018-10-12 09:54:37+00:00,18,0.69,0.192,0.808,0.0,"üòÅ @BTS_twt played their first UK shows this week. @BBCNews met their fans... then they got to meet the band!
#BTS‚Ä¶ https://t.co/vfDzPaepgh"
BBC,2018-10-12 08:36:47+00:00,19,0.1027,0.08,0.92,0.0,RT @bbcpress: üé¨ Shooting has begun: BBC acquires second series of spy thriller #KillingEve - https://t.co/am3vpesHdx https://t.co/FIgyNCDo2W
BBC,2018-10-12 08:02:03+00:00,20,0.0,0.0,1.0,0.0,Meet the 94-year-old who writes a sex advice column in Mumbai. https://t.co/EnAcl1KMq9
BBC,2018-10-12 07:09:07+00:00,21,-0.5423,0.0,0.857,0.143,"One in three girls in the UK has been sexually harassed in public when wearing school uniform, a new report has sug‚Ä¶ https://t.co/lnYYaDJkEm"
BBC,2018-10-12 06:11:01+00:00,22,0.4404,0.225,0.775,0.0,"üí´üìö ""A library is truly a place of magic"" - @JK_Rowling
#LibrariesWeek  https://t.co/6zX1i0KbY1"
BBC,2018-10-11 20:47:04+00:00,23,0.4588,0.15,0.85,0.0,They're the Beatles for the 21st Century - a global sensation that generates mania and devotion in equal measure.‚Ä¶ https://t.co/lajc646nHL
BBC,2018-10-11 18:52:02+00:00,24,0.6908,0.341,0.659,0.0,"These baby chimps were rescued from the #IllegalWildlifeTrade, thanks to a BBC investigation. https://t.co/wVce18VN6U"
BBC,2018-10-11 18:04:06+00:00,25,0.6249,0.282,0.718,0.0,üåç What would you be prepared to do to save the planet?  https://t.co/LU7xI09jYf
BBC,2018-10-11 16:04:01+00:00,26,-0.0094,0.085,0.829,0.086,RT @BBCWomansHour: Do we need to banish the phrase ‚Äòbingo wings‚Äô? üí≠ Jo Brand thinks so. üôÖ‚ôÄÔ∏è Hear more of the comedian right here: üëâ https:/‚Ä¶
BBC,2018-10-11 16:04:01+00:00,27,0.6808,0.318,0.682,0.0,"‚òÄÔ∏è A whole load of reasons why the sun is truly special. 

@sciencemuseum @InHouseIntl https://t.co/5Yaxi8xhDq"
BBC,2018-10-11 15:08:02+00:00,28,0.4404,0.148,0.778,0.074,"""Has anyone ever told you that you're the absolute spitting image of that Mr Bean?"" üòÇ
#TheGNShow https://t.co/vQWB9ssK2m"
BBC,2018-10-11 14:23:33+00:00,29,0.0,0.0,1.0,0.0,"RT @BBCOne: On this week's The Graham Norton Show, @grahnort chats to @WhoopiGoldberg, @HarryConnickJR, @BTS_twt, Jamie Dornan &amp; Rosamund P‚Ä¶"
BBC,2018-10-11 14:12:59+00:00,30,0.0,0.0,1.0,0.0,"Prince George and Princess Charlotte will be among the pageboys and bridesmaids at the wedding of Princess Eugenie,‚Ä¶ https://t.co/L3tfmBaO6Q"
BBC,2018-10-11 13:43:54+00:00,31,-0.2349,0.048,0.864,0.088,"‚öΩ When the boys in their class wouldn't let them play football, these girls took matters into their own hands.‚Ä¶ https://t.co/IPkUr2onvr"
BBC,2018-10-11 13:05:06+00:00,32,0.0,0.0,1.0,0.0,"üé∂üôå Imagine: the making of an iconic song. 
üëâ https://t.co/eLGnAJl0Zn https://t.co/fPiJbRHW4P"
BBC,2018-10-11 12:04:06+00:00,33,-0.5848,0.0,0.678,0.322,"ü•ëüò≤ Bad news, millennials... avocados AREN'T vegan!  
#QI https://t.co/Ne4D8MGcYi"
BBC,2018-10-11 11:28:03+00:00,34,0.6946,0.258,0.659,0.082,"üè≥Ô∏è‚Äçüåà ""It's probably made life difficult but quite wonderful at the same time."" 
#NationalComingOutDay https://t.co/Fuf4ijiu4e"
BBC,2018-10-11 11:02:05+00:00,35,-0.4019,0.0,0.881,0.119,"Did you know that every time you do your washing you could be contributing to the world's plastic problem?
üëâ‚Ä¶ https://t.co/KSZrbXWOdN"
BBC,2018-10-11 09:58:57+00:00,36,0.4404,0.225,0.775,0.0,RT @BBC6Music: Some good guesses. Answers in this #NationalAlbumDay thread. https://t.co/L88AxRMe7O
BBC,2018-10-11 08:04:04+00:00,37,0.3182,0.173,0.827,0.0,üêÑüèç This man rescues cows on the back of his motorbike. https://t.co/rjEigSlAN0
BBC,2018-10-11 07:04:03+00:00,38,0.0,0.0,1.0,0.0,"What if we only worked four days a week?

Thursday could actually become the new Friday... #ThursdayFeeling
üëâ‚Ä¶ https://t.co/ZoKmWuf1DT"
BBC,2018-10-11 06:13:05+00:00,39,0.0,0.0,1.0,0.0,üëïüí¶ Do you know how much water goes into making our clothes? https://t.co/9rv44dk0XB
BBC,2018-10-10 18:00:02+00:00,40,0.8176,0.347,0.653,0.0,"üé∂üé∏Liverpool‚Äôs musicians have produced 56 UK number one hits. 

Are the Fab Four the city‚Äôs greatest export?

Armcha‚Ä¶ https://t.co/iokMQntgBo"
BBC,2018-10-10 17:07:00+00:00,41,0.0,0.0,1.0,0.0,"The crew returns to the Cotswolds to investigate what's happened to the Mucklowe family.

#ThisCountry | watch on‚Ä¶ https://t.co/wEa3dmJ4Y3"
BBC,2018-10-10 15:56:06+00:00,42,0.0,0.0,1.0,0.0,üå≠üê∂ Look at those little legs go!! https://t.co/ZD6sSf7Z1e
BBC,2018-10-10 15:00:00+00:00,43,0.5563,0.204,0.796,0.0,"üèñCan the Galapagos Islands become completely free of plastic pollution? 

The Galapagos Conservation Trust,‚Ä¶ https://t.co/zoSEa4yqB6"
BBC,2018-10-10 14:55:30+00:00,44,-0.8126,0.0,0.709,0.291,"""The worst thing people say is, what have you got to be depressed about?""

@nikkilillyy meets @SusanCalman and disc‚Ä¶ https://t.co/S1mkZYnRte"
BBC,2018-10-10 13:04:03+00:00,45,-0.5994,0.0,0.822,0.178,"A rare white tiger has mauled a zookeeper to death in its enclosure at a zoo in Japan, officials say.
üëâ‚Ä¶ https://t.co/CsW7Cl7mow"
BBC,2018-10-10 12:01:03+00:00,46,-0.3182,0.0,0.881,0.119,George Shelley talks about how colour therapy has helped him deal with the loss of his sister. https://t.co/2xVAECXZlW
BBC,2018-10-10 11:41:17+00:00,47,0.1877,0.08,0.92,0.0,RT @bbcstories: You're not alone. These films are packed full of personal stories and professional advice about managing your mental health‚Ä¶
BBC,2018-10-10 11:05:06+00:00,48,0.0,0.0,1.0,0.0,"About 40% of young adults cannot afford to buy one of the cheapest homes in their area even with a 10% deposit, acc‚Ä¶ https://t.co/CdZLYEAjpX"
BBC,2018-10-10 10:23:03+00:00,49,0.0,0.0,1.0,0.0,"RT @BBCWales: Meet Terry Cripps, AKA B-Daddy. The Welsh breakdancing teacher redefining our expectations of dad dancing, one windmill at a‚Ä¶"
BBC,2018-10-10 09:52:58+00:00,50,0.0,0.0,1.0,0.0,üé§‚ù§Ô∏è The waiting was finally over for thousands of @BTS_twt fans last night as the band performed in the UK for the‚Ä¶ https://t.co/RKxZ6bG8rg
BBC,2018-10-10 09:17:00+00:00,51,0.0,0.0,1.0,0.0,RT @bbcthree: They're back: https://t.co/zCoNfLQP9W #ThisCountry https://t.co/puet3DELa2
BBC,2018-10-10 09:09:01+00:00,52,0.0,0.0,1.0,0.0,"RT @bbcpress: üê≤ @LennyHenry will narrate #Zog on @BBCOne this Christmas, with a cast including Tracey Ullman as Madame Dragon, @RealHughSki‚Ä¶"
BBC,2018-10-10 09:06:26+00:00,53,-0.5859,0.07,0.696,0.235,"Poppy has depression, anxiety, and PTSD. She explains how challenging herself to run the London Marathon has helped‚Ä¶ https://t.co/C1UdMIcUBu"
BBC,2018-10-10 08:01:02+00:00,54,0.0,0.0,1.0,0.0,"ü•ä In kangaroo boxing, anything goes! https://t.co/fxKOrPMA1z"
BBC,2018-10-10 07:05:03+00:00,55,-0.128,0.073,0.829,0.098,"The reality of feeling alone is not what many people think. 

Five counterintuitive findings from the BBC Lonelines‚Ä¶ https://t.co/PxG9xcuVHr"
BBC,2018-10-10 06:13:01+00:00,56,0.9032,0.527,0.473,0.0,Who wants to be new best friends with Annie?!? üôã‚Äç‚ôÄÔ∏è https://t.co/1dIroAAM4B
BBC,2018-10-09 18:10:05+00:00,57,0.0,0.0,1.0,0.0,"üéüüöÄ If you had 10 tickets to the Moon, who would you take?  https://t.co/VJ0ZJbEqU9"
BBC,2018-10-09 17:05:04+00:00,58,0.0,0.0,1.0,0.0,"üßöüì∏ Two of the famous faked Cottingley Fairies photographs have sold for more than ¬£20,000 at auction.
üëâ‚Ä¶ https://t.co/1xphQL3F53"
BBC,2018-10-09 15:09:28+00:00,59,0.7003,0.234,0.766,0.0,"RT @BBCOne: 5 reasons to be excited about #TheLittleDrummerGirl:

1. From the producers of The Night Manager
2. From visionary film directo‚Ä¶"
BBC,2018-10-09 15:00:05+00:00,60,0.5859,0.183,0.817,0.0,RT @bbcideas: Introducing the amazing electrical engineer Hertha Ayrton AKA The woman who tamed lightning #womeninSTEM #AdaLovelaceDay http‚Ä¶
BBC,2018-10-09 14:59:33+00:00,61,0.4192,0.104,0.896,0.0,"RT @bbc5live: IT'S ELEVEN WEEKS UNTIL CHRISTMAS! üê∂üéÅüéäüéâüéÑ

The most wonderful time of the year... but not for your bank account. üí∏

@MartinSLe‚Ä¶"
BBC,2018-10-09 14:51:49+00:00,62,-0.0258,0.168,0.66,0.173,"üê≥‚ù§Ô∏è Rescuers free trapped whale calf from a shark net, as other whales wait nearby.  https://t.co/hN2z7A60zo"
BBC,2018-10-09 14:18:04+00:00,63,0.0,0.0,1.0,0.0,"#HimToo: How Pieter Hanson's mother made him internet famous. 
üëâ https://t.co/5o9dnIfdUG https://t.co/vnO40wWLVm"
BBC,2018-10-09 13:03:06+00:00,64,-0.2732,0.042,0.875,0.084,üóª A woman who has no hands or feet is believed to be the first female quadruple amputee to reach the summit of Moun‚Ä¶ https://t.co/YXDSDENflu
BBC,2018-10-09 12:02:05+00:00,65,0.4927,0.166,0.834,0.0,"Sue Black is a computer scientist and one of the most influential women in tech. 
#WomenInSTEM #AdaLovelaceDay https://t.co/3wK7v2vGnZ"
BBC,2018-10-09 12:01:43+00:00,66,0.6908,0.222,0.778,0.0,"RT @BBCRadio2: ""It was a revelation of the splendour and fecundity of the natural world from which I have never recovered.""

Nobody has see‚Ä¶"
BBC,2018-10-09 11:25:11+00:00,67,0.3182,0.161,0.839,0.0,"RT @BBCR1: #R1LiveLoungeMonth 2018 ‚ú®

@twentyonepilots
@DizzeeRascal
@marshmellomusic @BastilleDan
@robynkonichiwa
@Hozier
@zaralarsson
@Je‚Ä¶"
BBC,2018-10-09 11:01:03+00:00,68,0.0,0.0,1.0,0.0,"How has Instagram changed the way we experience art?
üëâ https://t.co/YRHDanYy9K https://t.co/jdQG6asOUS"
BBC,2018-10-09 10:49:26+00:00,69,0.0,0.0,1.0,0.0,"RT @bbcthree: #ThisCountry is back tomorrow, you lummocks. https://t.co/J2ZIitGCeE"
BBC,2018-10-09 10:19:28+00:00,70,0.0,0.0,1.0,0.0,"‚öóüî¨ How many female scientists can you name? 
#AdaLovelaceDay #WomenInSTEM  https://t.co/n5oAcYAC3U"
BBC,2018-10-09 10:00:00+00:00,71,0.0,0.0,1.0,0.0,"Is cockney rhyming slang really brown bread?

Armchair Britain visits the East End at 11.45am on @BBCOne.‚Ä¶ https://t.co/Lnsw2g9kwT"
BBC,2018-10-09 09:03:09+00:00,72,0.5719,0.163,0.837,0.0,"RT @bbcarts: As #LibrariesWeek celebrates the link between reading and wellbeing, Wolf Hall author Hilary Mantel explains how reading ficti‚Ä¶"
BBC,2018-10-09 08:01:00+00:00,73,0.0,0.0,1.0,0.0,"‚ù§Ô∏èüí™ 'It's my body, I do what I like'.
Some sage advice from ""Glenys the Menace"".

Via @BBCDerby https://t.co/KO5VOWMokP"
BBC,2018-10-09 06:58:04+00:00,74,0.296,0.141,0.781,0.078,"Going plastic-free is tough. 
Here are some tips that might help.
üëâ https://t.co/TXCukKcIee https://t.co/ZdPjFnZe5F"
BBC,2018-10-09 06:09:04+00:00,75,0.0,0.0,1.0,0.0,"Little lady of the lake ‚öî 

Eight-year-old Saga recalls the moment she discovered an ancient sword in the bottom of‚Ä¶ https://t.co/Foe8QAB9cR"
BBC,2018-10-08 20:02:04+00:00,76,-0.7579,0.0,0.667,0.333,"Film-maker @RogerRossWill examines the American prison system.

Storyville: Jailed in America | 10pm | @BBCFour |‚Ä¶ https://t.co/EtiEoOQFhD"
BBC,2018-10-08 18:01:03+00:00,77,0.0,0.0,1.0,0.0,'Quantum physics really helped me understand my queer identity.'  https://t.co/GNqt7jfGT5
BBC,2018-10-08 16:57:02+00:00,78,0.0,0.0,1.0,0.0,"Sir Billy Connolly has put himself forward to become a stem cell research ""guinea pig"" as part of efforts to find a‚Ä¶ https://t.co/3hsjA7ruhp"
BBC,2018-10-08 15:53:00+00:00,79,0.0772,0.24,0.599,0.162,"Could seaweed be the solution to our growing plastic problem?
#DrowningInPlastic #PlasticsAction https://t.co/oforGQeLEF"
BBC,2018-10-08 12:56:02+00:00,80,-0.5829,0.0,0.79,0.21,"'It's the final call', say scientists, the most extensive warning yet on the risks of rising global temperatures.
üëâ‚Ä¶ https://t.co/fi1K3RdOPF"
BBC,2018-10-08 11:56:03+00:00,81,0.0,0.0,1.0,0.0,üíï How a memorial bench is bringing people closer together.  https://t.co/GQEmVYEtER
BBC,2018-10-08 11:05:06+00:00,82,0.0,0.0,1.0,0.0,"üí∑ Where does rent hit young people the hardest in Britain?
üëâ https://t.co/vHRIRgji6O https://t.co/R8uLUGcDfl"
BBC,2018-10-08 09:27:09+00:00,83,0.0,0.0,1.0,0.0,üò≤üñº The moment a ¬£1m Banksy artwork shredded itself. https://t.co/8gwWo4fK4P
BBC,2018-10-08 09:13:15+00:00,84,0.4215,0.167,0.833,0.0,RT @BBC6Music: Even David Bowie‚Äôs talent wasn‚Äôt obvious to everyone. ü§¶‚Äç‚ôÄÔ∏è #fiveyears #davidbowie https://t.co/mgUFGEtwit
BBC,2018-10-08 08:04:06+00:00,85,0.0,0.0,1.0,0.0,Arctic foxes have an incredible way to hunt in the snow. https://t.co/4YVe8wDZ9w
BBC,2018-10-08 07:04:02+00:00,86,0.3291,0.144,0.856,0.0,"Vinegar has long been celebrated for its health-giving properties ‚Äì but what‚Äôs the evidence?
üëâ‚Ä¶ https://t.co/Ir4atsn9SS"
BBC,2018-10-08 06:16:06+00:00,87,0.7351,0.341,0.659,0.0,This climate activist says Norway can't be green and benefit from oil wealth. https://t.co/Yzi9dpQoc8
BBC,2018-10-07 21:05:04+00:00,88,0.0,0.0,1.0,0.0,"üé§üé∂ The music. The performances. The Internet. The fans.

What is it that has made #KPop superstars @BTS_twt so succ‚Ä¶ https://t.co/OFdAQsaNVr"
BBC,2018-10-07 19:05:01+00:00,89,0.6908,0.246,0.676,0.078,"No YOU just watched Tom Hardy explain to a child why we should love all things equally for the 863rd time üíîüò≠

https://t.co/646n5wwjvL"
BBC,2018-10-07 18:05:03+00:00,90,0.0,0.0,1.0,0.0,"This is Black British History, brought to you by Scribbler P in a UK garage styley.
#BlackHistoryMonth https://t.co/4NlkHVxeN6"
BBC,2018-10-07 17:03:03+00:00,91,0.0,0.0,1.0,0.0,üå±üêê These goats work for @CityofEdmonton as weed-eating machines. https://t.co/8ZzkBaTkO4
BBC,2018-10-07 16:45:07+00:00,92,0.0,0.0,1.0,0.0,"A mysterious woman, unable to remember her own name, falls from the Sheffield night sky...

#DoctorWho | 6:45pm |‚Ä¶ https://t.co/Orpk2bya9a"
BBC,2018-10-07 16:04:02+00:00,93,0.34,0.107,0.893,0.0,"We know that beauty standards shift over time. But it turns out that our 'type' can change much faster.
üëâ‚Ä¶ https://t.co/MykIvgTO2S"
BBC,2018-10-07 15:43:54+00:00,94,0.8126,0.291,0.709,0.0,"RT @BBCSport: His first marathon success and a new European record. 

Mo Farah wins the Chicago Marathon.

‚û° https://t.co/LODB4mIpv9 https:‚Ä¶"
BBC,2018-10-07 15:07:04+00:00,95,0.3182,0.095,0.905,0.0,"'The basic truth of how plastic gets in the sea, is that it all comes from us.'

#OurBluePlanet w/ @oceanx @mcsuk +‚Ä¶ https://t.co/EAInIgPMj7"
BBC,2018-10-07 14:33:00+00:00,96,-0.2732,0.219,0.518,0.263,"""Sickeningly ingenious"". üò≤

@Simon_Reeve explores a safe house once used by Europe's largest organised crime gang.‚Ä¶ https://t.co/Ql6rpphKsI"
BBC,2018-10-07 13:18:06+00:00,97,0.5859,0.16,0.84,0.0,"Eggs as conditioner and ghee as moisturiser‚Ä¶ ü§î

Experts rate the beauty tips that our mums swore by.
üëâ‚Ä¶ https://t.co/ISK3JiidpY"
BBC,2018-10-07 11:07:07+00:00,98,0.0258,0.355,0.645,0.0,Representation matters. https://t.co/FZ0RLM1mWF
BBC,2018-10-07 10:06:05+00:00,99,0.7096,0.234,0.766,0.0,"In 2002, Iberian Lynx were the rarest cats in the world. But then something remarkable happened... https://t.co/iEVCaSDvjN"
BBC,2018-10-07 09:07:07+00:00,100,0.0,0.119,0.763,0.119,üö®üë∞ A newly married couple found their 'something blue' when they were rescued by police after their car broke down‚Ä¶ https://t.co/a0FU9D6ygX
CBS,2018-10-12 17:59:00+00:00,1,0.7579,0.265,0.735,0.0,This bonus spin was just a part of what made #PriceIsRight's Big Money Week enormous. What was your favorite moment? https://t.co/mhU50K8dJd
CBS,2018-10-11 18:05:06+00:00,2,0.5093,0.155,0.845,0.0,"RT @CBSAllAccess: Welcome to #TheTwilightZone, @justsanaa! The new series is coming to CBS All Access in 2019. üåÄ https://t.co/NdB7Vf4vdb"
CBS,2018-10-10 20:31:12+00:00,3,0.4939,0.198,0.802,0.0,"Ready to get into the Halloween spirit? An encore presentation of Michael Jackson‚Äôs Halloween will air Saturday, Oc‚Ä¶ https://t.co/sgLdtV4SaR"
CBS,2018-10-09 19:23:28+00:00,4,-0.34,0.0,0.893,0.107,"@ira We may have accidentally offered the job already to Catherine Deneuve, thinking we were talking to you on the‚Ä¶ https://t.co/4BgA5HgSeB"
CBS,2018-10-08 23:48:50+00:00,5,0.4215,0.237,0.763,0.0,RT @MadamSecretary: #ICYMI: A powerful moment from last night. #MadamSecretary https://t.co/MgQ11RlFmR
CBS,2018-10-08 16:37:00+00:00,6,0.6696,0.183,0.817,0.0,"RT @WorldsBestCBS: It‚Äôs the world‚Äôs best news! @JKCorden will host, and @DrewBarrymore, @RuPaul and @FaithHill will serve as judges of the‚Ä¶"
CBS,2018-10-07 14:00:01+00:00,7,0.3612,0.098,0.902,0.0,All the action on the gridiron from the comfort of your couch. Watch NFL on CBS LIVE today starting at 1pm ET. üèà‚Ä¶ https://t.co/WiXBm46gNV
CBS,2018-10-06 21:33:36+00:00,8,0.0772,0.064,0.936,0.0,"RT @CBSAllAccess: Take a first look at Spock, Number One, and Section 31‚Äôs newest recruit. #StarTrekDiscovery returns January 17, 2019. htt‚Ä¶"
CBS,2018-10-05 23:30:00+00:00,9,0.5423,0.2,0.8,0.0,"Viewers in Atlanta, Charlotte, Pittsburgh, and most of Michigan and Wisconsin, please take note of the DVR alert be‚Ä¶ https://t.co/fradnBOvdk"
CBS,2018-10-05 20:10:09+00:00,10,-0.3612,0.0,0.821,0.179,"RT @MadamSecretary: Worlds collide when former Secretaries of State @HillaryClinton, @madeleine, and Colin Powell stop by #MadamSecretary f‚Ä¶"
CBS,2018-10-05 19:23:53+00:00,11,0.0,0.0,1.0,0.0,".@TheNeighborhood's @BethBehrs and @latelateshow may have come up with a new hit show called ""Naked Rabbi.""‚Ä¶ https://t.co/KLsSlzgC0f"
CBS,2018-10-05 17:42:12+00:00,12,-0.6808,0.0,0.811,0.189,"RT @FBICBS: When a killer's victim survives to tell the tale, it's up to the team to catch him before he kills again. 

The first SEVEN MIN‚Ä¶"
CBS,2018-10-05 16:45:23+00:00,13,0.5023,0.213,0.787,0.0,But you know the CBS Fall TV that makes YOU smile. #WorldSmileDay https://t.co/JVOh5TlK0D
CBS,2018-10-05 16:45:22+00:00,14,-0.3724,0.0,0.758,0.242,Not everyone smiles at the same shows #WorldSmileDay https://t.co/XFwNIFleXf
CBS,2018-10-05 16:45:22+00:00,15,0.3612,0.2,0.8,0.0,"And smile at shows that, you know, get you. #WorldSmileDay https://t.co/9JpmKkB7Ky"
CBS,2018-10-05 16:45:21+00:00,16,0.6124,0.333,0.667,0.0,Smile at shows you‚Äôve been meaning to smile at before #WorldSmileDay https://t.co/MWrtrX62BP
CBS,2018-10-05 16:45:21+00:00,17,0.7003,0.42,0.58,0.0,Get right back into smiling with your favorites #WorldSmileDay https://t.co/BohCiTymMO
CBS,2018-10-05 16:45:19+00:00,18,0.3612,0.263,0.737,0.0,Time to smile at new shows #WorldSmileDay https://t.co/n45SpVXuOq
CBS,2018-10-05 16:45:19+00:00,19,0.4199,0.285,0.715,0.0,Smile! CBS Fall TV is here. #WorldSmileDay https://t.co/QhmtAmJL0X
CBS,2018-10-04 17:17:46+00:00,20,0.0,0.0,1.0,0.0,"The Big Bang Theory.
Young Sheldon, Mom, Murphy Brown.
S.W.A.T. Watch them tonight.

#NationalPoetryDay"
CBS,2018-10-04 00:34:37+00:00,21,-0.3875,0.0,0.774,0.226,@shygirlsue @Ranker And we couldn't be prouder of you.üòä https://t.co/Rt9bRkv32J
CBS,2018-10-03 23:45:21+00:00,22,0.0,0.0,1.0,0.0,@suferah_khan https://t.co/hkLN6VK6WI
CBS,2018-10-03 23:39:03+00:00,23,0.7906,0.318,0.682,0.0,.@Ranker is ranking the best CBS shows of all time. Did your favorites make the list? https://t.co/D3ZrfZK0Q9
CBS,2018-10-03 19:35:31+00:00,24,0.4939,0.151,0.849,0.0,".@CrimMinds_CBS returns tonight for its 300th episode. In honor of the milestone season premiere, the cast has a me‚Ä¶ https://t.co/o9aKkBKKtw"
CBS,2018-10-03 17:05:20+00:00,25,0.6956,0.31,0.69,0.0,".@wayansjr debuted his perfect impression of his father on @colbertlateshow but everybody, be cool, and don't tell‚Ä¶ https://t.co/MWa9UNOORj"
CBS,2018-10-02 21:25:29+00:00,26,0.8858,0.354,0.646,0.0,RT @CBSAllAccess: It's a great day to be a fan of #TheTwilightZone! We're celebrating the 59th anniversary of the classic series AND the of‚Ä¶
CBS,2018-10-02 18:36:26+00:00,27,0.0,0.0,1.0,0.0,"‚ö°Ô∏è ‚ÄúHappy Together Premieres on CBS‚Äù

https://t.co/W7IvELcMcw"
CBS,2018-10-02 17:52:53+00:00,28,0.1622,0.121,0.746,0.133,"@miamicah We don't know for sure about that, but we are sure that you should be some sort of TV detective. üôÇ https://t.co/uW5aSn7jlO"
CBS,2018-10-02 16:49:34+00:00,29,0.0,0.0,1.0,0.0,"‚ö°Ô∏è ‚ÄúThe Neighborhood Premieres on CBS‚Äù

https://t.co/R72l342BFE"
CBS,2018-10-02 02:42:23+00:00,30,0.3182,0.119,0.881,0.0,"RT @startrekcbs: Discover the next adventure of #StarTrekDiscovery January 2019, and catch #Starfleet at @NY_Comic_Con THIS Saturday. https‚Ä¶"
CBS,2018-10-02 01:10:54+00:00,31,0.765,0.292,0.708,0.0,The stars of @TheNeighborhood and @happytogether celebrated their shows' premieres on CBS tonight with a good old f‚Ä¶ https://t.co/fu9SJzv7hZ
CBS,2018-10-02 00:01:07+00:00,32,0.0,0.0,1.0,0.0,"RT @TheNeighborhood: It's almost time! Our live Q&amp;A with the casts of #TheNeighborhood &amp; #HappyTogether is starting at 8pm ET/ 5pm PT. 

Se‚Ä¶"
CBS,2018-10-01 21:56:03+00:00,33,0.0,0.0,1.0,0.0,Head over to the CBS Facebook page now for the #FacebookLive with @happytogether‚Äôs @wayansjr and @TheNeighborhood‚Äôs‚Ä¶ https://t.co/37QOrVA1sh
CBS,2018-10-01 16:33:11+00:00,34,0.296,0.136,0.864,0.0,Join @happytogether's @wayansjr and @TheNeighborhood's @iamgreenfield for a Facebook Live TODAY at 5:45p ET/2:45 PT‚Ä¶ https://t.co/klrx7cA41H
CBS,2018-09-30 23:51:26+00:00,35,-0.2263,0.0,0.909,0.091,"Due to #NFL football game overrun, #CBS Sunday lineup is delayed in East/Central time zones ONLY. New start times:‚Ä¶ https://t.co/zmEn7CVlUi"
CBS,2018-09-30 17:00:00+00:00,36,0.6124,0.19,0.81,0.0,The cast of @GodFriendedMe answers some heavenly questions about social media before the show premieres tonight aft‚Ä¶ https://t.co/61Tx2GTn35
CBS,2018-09-30 14:34:18+00:00,37,0.0,0.0,1.0,0.0,RT @CBSAllAccess: Stream NFL on CBS LIVE today starting at 1pm ET on CBS All Access! üèà https://t.co/vsod8jYeZl https://t.co/UBp3R4UCAd
CBS,2018-09-28 22:22:01+00:00,38,0.0,0.0,1.0,0.0,"On @colbertlateshow, @TheNeighborhood's @CedEntertainer and Stephen recall the first time they met on a night when‚Ä¶ https://t.co/vjz1zVg4sR"
CBS,2018-09-28 20:16:14+00:00,39,0.0,0.0,1.0,0.0,".@happytogether's @wayansjr, @HereIsGina &amp; @latelateshow discuss the pros and cons of living with a pop star. Con:‚Ä¶ https://t.co/PLXFxfheW7"
CBS,2018-09-28 17:52:41+00:00,40,0.0,0.0,1.0,0.0,"If you haven't seen @SEALTeamCBS, make it your mission to know them before the #SEALTeam Season 2 premiere October‚Ä¶ https://t.co/NhCPI3lZSV"
CBS,2018-09-28 16:51:50+00:00,41,0.0,0.0,1.0,0.0,"‚ö°Ô∏è ‚ÄúMurphy Brown Returns to CBS‚Äù

https://t.co/3vsAg7WcB1"
CBS,2018-09-27 20:19:18+00:00,42,0.0,0.0,1.0,0.0,.@TheNeighborhood's @iamgreenfield revealing his Fiddler on the Roof goals on @latelateshow will be the earworm you‚Ä¶ https://t.co/swbh8HPwA1
CBS,2018-09-27 20:01:53+00:00,43,0.0,0.0,1.0,0.0,RT @MurphyBrownCBS: A moment 20 years in the making all comes down to this. #MurphyBrown returns to @CBS tonight! https://t.co/tWSMFM3YbG
CBS,2018-09-27 17:19:16+00:00,44,0.0,0.0,1.0,0.0,"Candice Bergen tells @colbertlateshow the presidential way tonight's @MurphyBrownCBS premiere imitates life, albeit‚Ä¶ https://t.co/4Kbk8gt6nS"
CBS,2018-09-27 16:58:08+00:00,45,-0.34,0.169,0.581,0.25,@marlagardner222 @jay_hernandez Good idea. The theme song is a dead giveaway. üòâ
CBS,2018-09-27 00:44:13+00:00,46,0.0,0.0,1.0,0.0,@queenmama7777 @CBSAllAccess We believe in you! https://t.co/ZK0xaPRxVr
CBS,2018-09-27 00:42:15+00:00,47,0.0,0.0,1.0,0.0,@BSkyjackcity @jokersupdates @CBSAllAccess On it. https://t.co/yxKX9ry7fw
CBS,2018-09-26 21:49:27+00:00,48,0.1139,0.071,0.929,0.0,Sixteen houseguests entered and now it's down to the Final 3. Don't miss a second of the 90-minute #BB20Finale toni‚Ä¶ https://t.co/KwDHR9Hfqu
CBS,2018-09-26 19:57:54+00:00,49,0.6249,0.221,0.779,0.0,"The tribe has spoken, and they do a pretty decent @JeffProbst impression just in time for the @survivorcbs Season P‚Ä¶ https://t.co/2Ps8VKblay"
CBS,2018-09-26 17:25:43+00:00,50,0.0,0.0,1.0,0.0,"‚ö°Ô∏è ‚ÄúFBI Premieres on CBS‚Äù

https://t.co/faL6iHZc5g"
CBS,2018-09-25 21:10:56+00:00,51,-0.2714,0.098,0.764,0.138,"RT @CBSAllAccess: A night of crime dramas?! Oh yes. üôå Stream @NCIS_CBS, @FBICBS &amp; @NCISNewOrleans starting at 8/7c on CBS All Access: https‚Ä¶"
CBS,2018-09-25 20:31:45+00:00,52,-0.2263,0.0,0.909,0.091,"Before @FBICBS premieres tonight, @mperegrym stopped by @CBSThisMorning to talk about her role as an FBI agent in t‚Ä¶ https://t.co/CPVki4Hv8y"
CBS,2018-09-25 19:54:26+00:00,53,0.0,0.0,1.0,0.0,RT @CBSAllAccess: üö® @PatrickBrammall. Tim Meadows. @jessicaalba. @iamgreenfield. @AHWAmySedaris. @ChrisGethard. @JoeManganiello. AND SO MAN‚Ä¶
CBS,2018-09-25 19:45:33+00:00,54,0.7901,0.291,0.709,0.0,RT @bigbangtheory: Happy #NationalComicBookDay from Sheldon and his many shirts! How are you sporting your favorite superhero today? #BigBa‚Ä¶
CBS,2018-09-25 18:34:26+00:00,55,0.0,0.0,1.0,0.0,"‚ö°Ô∏è ‚ÄúMagnum P.I. Premieres on CBS‚Äù

https://t.co/UtbQlcDG8S"
CBS,2018-09-25 18:05:31+00:00,56,0.0,0.0,1.0,0.0,".@jay_hernandez went on @latelateshow to talk about @MagnumPICBS, but he may have gotten @TiffanyHaddish as a surf‚Ä¶ https://t.co/a3acRu10aw"
CBS,2018-09-24 18:56:15+00:00,57,0.0,0.0,1.0,0.0,"RT @60Minutes: 60 Minutes turns 50 today. Tick, tick, tick ... https://t.co/3CVKEs9J7F"
CBS,2018-09-23 23:24:03+00:00,58,-0.2263,0.0,0.913,0.087,"Due to #NFL football game overrun, #CBS Sunday lineup is delayed in ATL, Indy, NOLA, Kansas City, NYC, Philly, Prov‚Ä¶ https://t.co/fejqoxtvSY"
CBS,2018-09-23 14:00:00+00:00,59,0.0,0.0,1.0,0.0,Kick off your Sunday with @NFL on CBS. Catch your local games live on CBS and @CBSAllAccess. üèàüì∫‚Ä¶ https://t.co/kbo7N27mY9
CBS,2018-09-21 19:18:00+00:00,60,0.296,0.144,0.758,0.098,"How does $100,000 sound? Because someone is going to win all that tonight on the @TKOCBS Battle Royale finale at 9p‚Ä¶ https://t.co/JEuUZ2QlQh"
CBS,2018-09-21 17:46:26+00:00,61,-0.1531,0.123,0.714,0.162,@colbertlateshow @IainLoveTheatre @IainLoveTheatre made a compelling argument. We'll get back to you. üòâ
CBS,2018-09-20 23:17:19+00:00,62,0.296,0.109,0.891,0.0,"Now that @bigbangtheory is entering its last season, Kaley Cuoco admits to @latelateshow she's over the show's noto‚Ä¶ https://t.co/xvhlMWBhSX"
CBS,2018-09-20 21:38:21+00:00,63,0.7896,0.212,0.788,0.0,RT @HawaiiFive0CBS: It‚Äôs the big Five-0! üéâ üåä #H50 premiered on this day in 1968! Celebrate 50 years of Hawaii Five-0 with every season of b‚Ä¶
CBS,2018-09-20 16:47:26+00:00,64,0.0,0.0,1.0,0.0,RT @JordanPeele: üì∫üåÄ https://t.co/CygbVi4JFC
CBS,2018-09-19 19:07:37+00:00,65,-0.0531,0.176,0.588,0.236,The @latelateshow and @JKCorden will never be good enough for @henrygolding's crazy rich mom.‚Ä¶ https://t.co/xVmH5Iyfvs
CBS,2018-09-18 17:04:20+00:00,66,0.6486,0.209,0.791,0.0,RT @CBSThisMorning: Imagine receiving a digital friend request from someone claiming to be God. What would you do? The new @CBS drama @GodF‚Ä¶
CBS,2018-09-17 22:01:52+00:00,67,0.9642,0.527,0.473,0.0,"RT @PriceIsRight: We're thrilled to be back with all new, fun, and exciting shows!!  We hope to give you another award winning season! HERE‚Ä¶"
CBS,2018-09-17 21:41:20+00:00,68,0.0,0.0,1.0,0.0,RT @SalvationCBS: X marks the spot on the heart-stopping season finale of #SalvationCBS tonight at 9/8c on CBS &amp; CBS All Access: https://t.‚Ä¶
CBS,2018-09-17 19:18:37+00:00,69,0.3612,0.263,0.737,0.0,Waiting for tonight's @Elementary_CBS season finale like https://t.co/Ou8342vGT9
CBS,2018-09-16 23:48:59+00:00,70,-0.2263,0.0,0.909,0.091,"Due to an NFL overrun, the CBS Sunday lineup is delayed in the East/Central cities ONLY. New start times:‚Ä¶ https://t.co/IypoJ0l16P"
CBS,2018-09-16 14:33:46+00:00,71,0.0,0.0,1.0,0.0,RT @CBSAllAccess: Sundays were made for NFL on CBS. üèàüíØ Stream NFL on CBS All Access live today: https://t.co/vsod8jGE7N https://t.co/co2528‚Ä¶
CBS,2018-09-15 16:00:01+00:00,72,-0.4322,0.07,0.771,0.159,"What happens when a PTA mom steals nearly $100,000 from her daughter's school? Don't miss the #PinkCollarCrimes sea‚Ä¶ https://t.co/Gjiy0pByaE"
CBS,2018-09-14 18:22:59+00:00,73,-0.2481,0.17,0.598,0.233,"RT @CBSAllAccess: No internet, no problem. You can now download and play your favorite shows on CBS All Access! üôå Learn how: https://t.co/y‚Ä¶"
CBS,2018-09-13 20:52:06+00:00,74,0.0,0.0,1.0,0.0,@PlaggemeyLee Mac's putting something together. üòâ https://t.co/6ww5HlV6Bx
CBS,2018-09-13 20:28:06+00:00,75,0.0,0.0,1.0,0.0,This just in... https://t.co/QG3OYF6Rfv
CBS,2018-09-13 18:06:49+00:00,76,0.4753,0.218,0.699,0.083,RT @CBSAllAccess: Get excited! Stream original #MurphyBrown episodes for a limited time on CBS All Access before the @MurphyBrownCBS reviva‚Ä¶
CBS,2018-09-10 17:06:16+00:00,77,0.0,0.0,1.0,0.0,"This just in! The 54th #ACMawards will air LIVE from Las Vegas on Sunday, April 7, 2019 at 8/7c on CBS and‚Ä¶ https://t.co/Q9e7qxe26l"
CBS,2018-09-09 23:36:09+00:00,78,-0.2263,0.0,0.917,0.083,"Due to an NFL overrun, CBS is delayed 17 mins in the following markets: Kansas City, Miami, Tampa, NOLA, New York,‚Ä¶ https://t.co/9eXZ9mA1Xb"
CBS,2018-09-09 14:00:00+00:00,79,0.6705,0.256,0.744,0.0,Are you ready for some football? üèà Stream your favorite NFL games LIVE on #CBSAllAccess today:‚Ä¶ https://t.co/eHt8guHoyv
CBS,2018-09-08 16:20:43+00:00,80,0.4215,0.149,0.851,0.0,An unforgettable night of inspiring stories and performances highlighting the 10 years of impact #StandUpToCancer c‚Ä¶ https://t.co/8bp2XNKwfH
CBS,2018-09-08 00:00:00+00:00,81,0.0,0.0,1.0,0.0,The star-studded event is about to begin! Tune in now to watch #StandUpToCancer on CBS and @cbsallaccess. https://t.co/cD8TJuQBog
CBS,2018-09-07 23:15:09+00:00,82,-0.5411,0.092,0.712,0.196,"RT @cbsallaccess: Join #TellMeAStory's @daniellemcam, @BillyMagnussen &amp; Dorian Missick by standing up to cancer! Watch @SU2C tonight at 8/7‚Ä¶"
CBS,2018-09-07 21:50:51+00:00,83,0.0,0.0,1.0,0.0,Tune in to a first-of-its-kind digital live show as lead up to @SU2C‚Äôs televised event tonight! The show will featu‚Ä¶ https://t.co/hIVaLAXYmR
CBS,2018-09-06 22:10:49+00:00,84,-0.296,0.0,0.879,0.121,Hollywood legend Burt Reynolds has passed away at the age of 82. He will be missed. https://t.co/HSmcJ9X9iC
CBS,2018-09-06 19:00:01+00:00,85,0.4753,0.192,0.808,0.0,Here are @FBICBS‚Äô @JeremySisto and @EboneeReigne with a powerful message before #StandUpToCancer airs tomorrow! https://t.co/OCqh91N1OO
CBS,2018-09-05 21:00:00+00:00,86,0.0,0.0,1.0,0.0,Here's everything you need to know before tuning into #StandUpToCancer this Friday at 8/7c: https://t.co/IT9ht84TZ1 https://t.co/OK4AOxw5mP
CBS,2018-09-05 17:32:40+00:00,87,0.3612,0.111,0.889,0.0,Survivor host @JeffProbst is here to break down the theme of #Survivor: David vs. Goliath before the new season beg‚Ä¶ https://t.co/8TcA200eFQ
CBS,2018-09-05 16:48:09+00:00,88,0.6908,0.533,0.467,0.0,"Thanks, @StephenAtHome. 
P.S. Nice beard. #LSSC https://t.co/wppVtfR9cL"
CBS,2018-09-04 20:34:26+00:00,89,0.4215,0.135,0.865,0.0,The biggest names in entertainment are coming together once again for #StandUpToCancer this Friday at 8/7c on @CBS‚Ä¶ https://t.co/ntuGKLYvuW
CBS,2018-09-01 15:25:34+00:00,90,0.6514,0.171,0.829,0.0,RT @cbsallaccess: Stream #17 @WestVirginiaU vs. @UTKnoxville LIVE today at 3:30PM ET on CBS All Access! Try 1 month FREE using code BINGENO‚Ä¶
CBS,2018-08-31 21:26:49+00:00,91,0.0,0.0,1.0,0.0,"In just one week, @RWitherspoon, @McConaughey, Jennifer Garner, and more will attend the #‚ÄãStandUpToCancer fundrais‚Ä¶ https://t.co/iHKGOoWejA"
CBS,2018-08-31 18:01:01+00:00,92,0.0,0.0,1.0,0.0,"Believe in miracles. Watch this sneak peek of the complete premiere episode of @GodFriendedMe now, a month before i‚Ä¶ https://t.co/5AIUH5VmMk"
CBS,2018-08-30 19:45:51+00:00,93,-0.6908,0.0,0.761,0.239,"RT @cbsallaccess: Money. Murder. Mystery. #OneDollar is now streaming, exclusively on CBS All Access. https://t.co/3qFdTEmVU5 https://t.co/‚Ä¶"
CBS,2018-08-30 15:32:47+00:00,94,0.6239,0.17,0.83,0.0,RT @GodFriendedMe: It's a godsend! We're dropping the #GodFriendedMe pilot tomorrow right here on Twitter for you to stream a full month be‚Ä¶
CBS,2018-08-27 23:36:57+00:00,95,0.0,0.0,1.0,0.0,"It's almost time for sweater weather, pumpkin spice lattes, and CBS Fall TV premieres. Check out the storylines for‚Ä¶ https://t.co/BpgDyYl8fc"
CBS,2018-08-24 20:30:16+00:00,96,-0.4389,0.0,0.888,0.112,RT @cbsallaccess: #NFL preseason coverage is here! üèà The Detroit @Lions battle the Tampa Bay @Buccaneers tonight at 8PM ET. Stream the game‚Ä¶
CBS,2018-08-22 20:55:25+00:00,97,0.0,0.0,1.0,0.0,"@bigbangtheory üé∂...happy kitty, sleepy kitty, purr purr purrüé∂ #TheBigBangTheory https://t.co/sEObppGJlZ"
CBS,2018-08-22 20:10:12+00:00,98,0.0,0.0,1.0,0.0,"This is going to require multiple singings of ""Soft Kitty."" https://t.co/UdRGNeQ7Lb"
CBS,2018-08-20 21:59:56+00:00,99,0.5423,0.171,0.829,0.0,Got to get more of the @PaulMcCartney #CarpoolKaraoke into your life? @latelateshow produced an hour-long bonus spe‚Ä¶ https://t.co/DjPqajo6Xn
CBS,2018-08-17 17:42:02+00:00,100,0.3182,0.113,0.887,0.0,"How much does it cost to bury the truth? 
#OneDollar premieres August 30, exclusively on CBS All Access. https://t.co/ZL5TBH9ro5"
CNN,2018-10-12 19:19:47+00:00,1,0.0,0.0,1.0,0.0,"RT @CNNnewsroom: ""It's gone.  Everything's gone."" - Scott Boutwell visits the rubble and wreckage that was once his home in Mexico Beach, F‚Ä¶"
CNN,2018-10-12 19:19:30+00:00,2,0.0,0.0,1.0,0.0,"Banksy's ""Girl with Balloon"" was reduced to shreds last Friday, moments after selling for $1.4 million. Now, the sa‚Ä¶ https://t.co/iEEqXmQHyb"
CNN,2018-10-12 19:15:13+00:00,3,0.0,0.0,1.0,0.0,WaPo journalist @jrezaian will be on Full Circle to talk about the mystery surrounding what happened to his friend‚Ä¶ https://t.co/jDNuOxxPYz
CNN,2018-10-12 19:11:39+00:00,4,0.0,0.0,1.0,0.0,Democratic Rep. Kyrsten Sinema's anti-war activist past is under scrutiny as she campaigns in Arizona's Senate race‚Ä¶ https://t.co/QJSw9xHPHl
CNN,2018-10-12 19:03:11+00:00,5,0.0,0.0,1.0,0.0,"RT @CNNPolitics: Read ‚ÄòThe Forecast with Harry Enten‚Äô with CNN‚Äôs Senior Writer and Analyst Harry Enten. 

It‚Äôs a daily prediction of the ou‚Ä¶"
CNN,2018-10-12 18:55:13+00:00,6,-0.2263,0.08,0.763,0.157,"""If we know that we believe in civility and radical kindness ... then we may suffer some defeats, but we ultimately‚Ä¶ https://t.co/eOEcgvaf4G"
CNN,2018-10-12 18:45:30+00:00,7,0.0,0.0,1.0,0.0,"For years, Saudi Arabia has been one of the unofficial banks for the tech industry. Now it could become a very offi‚Ä¶ https://t.co/9YUgT92nYE"
CNN,2018-10-12 18:30:09+00:00,8,-0.296,0.0,0.905,0.095,"The percentage of young kids in the US who received no vaccine doses has continued to rise, as have vaccine exempti‚Ä¶ https://t.co/CwRlYaU6sb"
CNN,2018-10-12 18:25:25+00:00,9,0.4939,0.132,0.868,0.0,RT @AC360: WaPo journalist @jrezaian joins Anderson tonight to talk about the mystery surrounding what happened to his friend &amp; colleague J‚Ä¶
CNN,2018-10-12 18:20:05+00:00,10,0.0,0.0,1.0,0.0,"Democratic Sen. Elizabeth Warren says that White House Chief of Staff John Kelly ""can't shut her up"" after an email‚Ä¶ https://t.co/BSNTf0Ry17"
CNN,2018-10-12 18:10:08+00:00,11,0.0,0.0,1.0,0.0,A California school district has reassigned a teacher who said President Trump aide Stephen Miller would eat glue o‚Ä¶ https://t.co/RrSqwQgJVS
CNN,2018-10-12 18:00:04+00:00,12,0.0,0.0,1.0,0.0,First lady Melania Trump's favorability rating is back up after taking a dip over the summer. According to a new CN‚Ä¶ https://t.co/Rnr4arhVMy
CNN,2018-10-12 17:50:06+00:00,13,0.0,0.0,1.0,0.0,"Hurricane Michael slammed the Florida Panhandle. But it also socked Virginia, the Carolinas and Georgia.‚Ä¶ https://t.co/NO4gtD6tnb"
CNN,2018-10-12 17:41:49+00:00,14,0.6369,0.231,0.769,0.0,"Banksy's shredded ""Girl with Balloon"" has a new name: ""Love is in the Bin"" https://t.co/8O3OrCScCh https://t.co/XnMaEQ9EbR"
CNN,2018-10-12 17:32:00+00:00,15,0.5267,0.206,0.794,0.0,"Boston Dynamics has released new video showing their Atlas robot's latest moves, including the ability to shift lat‚Ä¶ https://t.co/GHVKZd0wC1"
CNN,2018-10-12 17:20:00+00:00,16,0.1779,0.13,0.87,0.0,"Amazon is growing rapidly. But how big is too big, and will the government attempt to break it up?‚Ä¶ https://t.co/zXad263DZJ"
CNN,2018-10-12 17:10:04+00:00,17,0.0,0.0,1.0,0.0,Almost 30 million Facebook users' phone numbers and email addresses were accessed by hackers in the biggest securit‚Ä¶ https://t.co/u7DuCKohdz
CNN,2018-10-12 17:00:13+00:00,18,0.0,0.0,1.0,0.0,"C-section deliveries nearly doubled worldwide since 2000, a new study finds https://t.co/lvm7TraBBb https://t.co/gMQFcwh5yc"
CNN,2018-10-12 17:00:00+00:00,19,0.4019,0.197,0.803,0.0,Scientists in China have bred healthy mice with two moms https://t.co/8QHKvr6N4I https://t.co/y5fAQQ1UbE
CNN,2018-10-12 16:50:04+00:00,20,-0.7347,0.093,0.615,0.292,"Two decades after Matthew Shepard's death, 20 states still don't consider attacks on LGBTQ people as hate crimes‚Ä¶ https://t.co/mAoPYqtfK2"
CNN,2018-10-12 16:38:47+00:00,21,-0.4767,0.0,0.846,0.154,Indonesian police say they have broken up a child trafficking operation that was allegedly buying and selling babie‚Ä¶ https://t.co/7IetQTBnj1
CNN,2018-10-12 16:20:00+00:00,22,0.0,0.0,1.0,0.0,This Chinese company makes smartphones called Tecnos ‚Äî but it's never sold a single phone in China. Here's how a li‚Ä¶ https://t.co/FwmnFFIXeG
CNN,2018-10-12 16:10:05+00:00,23,-0.34,0.0,0.87,0.13,"Nearly 800 dietary supplements sold over the counter from 2007 through 2016 contained unapproved drug ingredients,‚Ä¶ https://t.co/rFqAprrnC7"
CNN,2018-10-12 16:05:48+00:00,24,0.0,0.0,1.0,0.0,"Before and after images show there's nothing left in some parts of Mexico Beach, Florida https://t.co/Veqr8xmwMQ https://t.co/1KDHOHbVui"
CNN,2018-10-12 16:00:01+00:00,25,-0.0516,0.0,0.938,0.062,"For women who leave jobs to have children, reentering the workforce years later can seem impossible. JPMorgan Chase‚Ä¶ https://t.co/lSVXMvhVRv"
CNN,2018-10-12 15:50:06+00:00,26,0.2144,0.081,0.919,0.0,"When it comes to control of the Senate after the midterms, the odds are still in Republicans‚Äô favor, but there are‚Ä¶ https://t.co/9XvFlWFjgq"
CNN,2018-10-12 15:40:14+00:00,27,0.4019,0.197,0.803,0.0,Scientists in China have bred healthy mice with two moms https://t.co/8QHKvr6N4I https://t.co/o2ozVjjMqt
CNN,2018-10-12 15:30:14+00:00,28,-0.4404,0.0,0.818,0.182,An Air India aircraft was damaged after hitting an airport wall during take-off https://t.co/uB98fgBi8l
CNN,2018-10-12 15:20:09+00:00,29,0.624,0.157,0.843,0.0,"Lindsey Vonn, the most successful female ski racer of all time, says she will retire at the end of the 2018/19 Worl‚Ä¶ https://t.co/x6Jn7Ya5Fj"
CNN,2018-10-12 15:10:05+00:00,30,0.2716,0.095,0.905,0.0,"First lady Melania Trump says she has ""much more important things"" to focus on than the alleged infidelities of her‚Ä¶ https://t.co/uVdoMSDvqt"
CNN,2018-10-12 15:00:15+00:00,31,-0.7347,0.093,0.615,0.292,"Two decades after Matthew Shepard's death, 20 states still don't consider attacks on LGBTQ people as hate crimes‚Ä¶ https://t.co/eB6m9BW2kq"
CNN,2018-10-12 14:50:04+00:00,32,-0.4767,0.0,0.846,0.154,Indonesian police say they have broken up a child trafficking operation that was allegedly buying and selling babie‚Ä¶ https://t.co/qkfP5YJKBK
CNN,2018-10-12 14:40:18+00:00,33,0.0,0.0,1.0,0.0,"Before and after images show there's nothing left in some parts of Mexico Beach, Florida https://t.co/KErWVvis5A https://t.co/WbtbuLklP7"
CNN,2018-10-12 14:30:08+00:00,34,0.0,0.0,1.0,0.0,"Texas Democrat Beto O'Rourke smashes a fundraising record, raising $38.1 million in three months. It's the most eve‚Ä¶ https://t.co/LNSDCcb034"
CNN,2018-10-12 14:23:08+00:00,35,0.0258,0.055,0.894,0.051,Want to leave the kids at home next time you get away? The redesigned Crystal Symphony has a new level of luxury ca‚Ä¶ https://t.co/2r7ciKtY5o
CNN,2018-10-12 14:14:44+00:00,36,-0.0258,0.109,0.777,0.114,"Pope Francis has accepted the resignation of Cardinal Donald Wuerl, the embattled archbishop of Washington, ending‚Ä¶ https://t.co/MK4pBTz3KJ"
CNN,2018-10-12 14:00:11+00:00,37,0.0,0.0,1.0,0.0,"The use of C-section worldwide has almost doubled since 2000, a new study finds https://t.co/ta9rDxlEQJ https://t.co/speH8owU62"
CNN,2018-10-12 13:50:03+00:00,38,0.0,0.0,1.0,0.0,Trump administration sticks with Saudis as business leaders back away https://t.co/tZde3LmHFo https://t.co/pkkDqe6Sdx
CNN,2018-10-12 13:42:37+00:00,39,-0.296,0.11,0.691,0.199,"JUST IN: A Turkish court has freed Andrew Brunson two years after the American pastor was detained, accused of help‚Ä¶ https://t.co/T3t2tr36d0"
CNN,2018-10-12 13:40:05+00:00,40,-0.6249,0.112,0.596,0.291,"The organizer of last year's disastrous Fyre Festival has been sentenced to six years in prison, according to the U‚Ä¶ https://t.co/TD2iUdeEO7"
CNN,2018-10-12 13:37:41+00:00,41,0.6369,0.208,0.792,0.0,RT @cnni: The best photos from the wedding of Princess Eugenie and Jack Brooksbank https://t.co/TeU66EsPO5 #RoyalWedding https://t.co/BqVAg‚Ä¶
CNN,2018-10-12 13:37:15+00:00,42,-0.3182,0.0,0.909,0.091,"RT @CNNnewsroom: ""I don't even know if I have the words to describe it,"" says Dawn Vickers, who lost her home during Hurricane Michael. ""It‚Ä¶"
CNN,2018-10-12 13:30:09+00:00,43,0.25,0.143,0.857,0.0,"This photographer provides an alternative, crayon-colored vision of suburban Istanbul https://t.co/8jbkjR1C6M via‚Ä¶ https://t.co/HcCkTYGcIr"
CNN,2018-10-12 13:20:05+00:00,44,0.4019,0.197,0.803,0.0,Scientists in China have bred healthy mice with two moms https://t.co/x6vgQnnLbs https://t.co/88110e8Xsz
CNN,2018-10-12 13:10:04+00:00,45,-0.4404,0.0,0.818,0.182,An Air India aircraft was damaged after hitting an airport wall during take-off https://t.co/CExEzaHZhH
CNN,2018-10-12 13:07:12+00:00,46,-0.128,0.09,0.796,0.114,"Today's top business headlines with @ChristineRomans before the opening bell:

- Dow lost 1300+ points in 2 days

-‚Ä¶ https://t.co/fqTUODxBlK"
CNN,2018-10-12 13:00:30+00:00,47,0.0,0.0,1.0,0.0,How climate change will affect your health https://t.co/5BuLd9o3SQ https://t.co/gyeNZBx1s1
CNN,2018-10-12 12:52:18+00:00,48,-0.802,0.0,0.753,0.247,"RT @NewDay: ‚ÄúIt's as bad as it gets,‚Äù says Sen. Marco Rubio of Hurricane Michael‚Äôs destruction. ‚ÄúPanama City ... reminds me of south Florid‚Ä¶"
CNN,2018-10-12 12:41:05+00:00,49,0.0,0.0,1.0,0.0,Former Olympic sprinter Usain Bolt scored two goals in his first start for an Australian soccer club‚Ä¶ https://t.co/pZ604UvVqG
CNN,2018-10-12 12:34:34+00:00,50,-0.8779,0.0,0.675,0.325,"RT @cnnbrk: Five people are confirmed dead after Michael tears through Virginia, bringing the death toll from the storm to at least 11 http‚Ä¶"
CNN,2018-10-12 12:31:47+00:00,51,0.0,0.0,1.0,0.0,"At least over a million customers are without power across 7 states as of Friday morning, according to multiple uti‚Ä¶ https://t.co/pUR0Y9rJtV"
CNN,2018-10-12 12:30:04+00:00,52,0.0,0.0,1.0,0.0,'We don't have representation:' This Texas Democrat is counting on the Asian vote https://t.co/wbxYQy6JFH https://t.co/l1PVfT1WAx
CNN,2018-10-12 12:20:11+00:00,53,0.624,0.157,0.843,0.0,"Lindsey Vonn, the most successful female ski racer of all time, says she will retire at the end of the 2018/19 Worl‚Ä¶ https://t.co/8zTOdwQCAd"
CNN,2018-10-12 12:11:06+00:00,54,0.2716,0.095,0.905,0.0,"First lady Melania Trump says she has ""much more important things"" to focus on than the alleged infidelities of her‚Ä¶ https://t.co/axYEfousbv"
CNN,2018-10-12 12:00:05+00:00,55,-0.7347,0.093,0.615,0.292,"Two decades after Matthew Shepard's death, 20 states still don't consider attacks on LGBTQ people as hate crimes‚Ä¶ https://t.co/GP2gsG21tV"
CNN,2018-10-12 11:47:04+00:00,56,-0.4767,0.0,0.846,0.154,Indonesian police say they have broken up a child trafficking operation that was allegedly buying and selling babie‚Ä¶ https://t.co/bmh3meDzxT
CNN,2018-10-12 11:36:54+00:00,57,-0.765,0.0,0.732,0.268,"CNN's @BrookeBCNN tours the ruins of Mexico Beach, Florida, where residents describe their horror at the sight of w‚Ä¶ https://t.co/nLFBEXN2cs"
CNN,2018-10-12 11:25:11+00:00,58,0.0,0.0,1.0,0.0,Read ‚ÄòThe Forecast with Harry Enten‚Äô with CNN‚Äôs Senior Writer and Analyst @ForecasterEnten. It‚Äôs a daily prediction‚Ä¶ https://t.co/nF4wBzABT2
CNN,2018-10-12 11:16:30+00:00,59,0.6369,0.208,0.792,0.0,RT @cnni: The best photos from the wedding of Princess Eugenie and Jack Brooksbank https://t.co/kdVABlx1BD #RoyalWedding https://t.co/0fBTx‚Ä¶
CNN,2018-10-12 11:14:10+00:00,60,0.0,0.0,1.0,0.0,RT @cnni: Princess Eugenie and Jack Brooksbank are now husband and wife https://t.co/4BpuCKY5Gy #RoyalWedding https://t.co/fSEByUiPxP
CNN,2018-10-12 11:00:38+00:00,61,0.0,0.0,1.0,0.0,"5 things for Friday:

- Tropical Storm Michael
- Jamal Khashoggi
- FBI
- Georgia governor's race
- Massachusetts ex‚Ä¶ https://t.co/ef7mDGvEHl"
CNN,2018-10-12 10:43:31+00:00,62,0.1027,0.06,0.94,0.0,"The White House reached out to Nancy Brinker, the founder of the Susan G. Komen foundation, to ask if she would be‚Ä¶ https://t.co/BYrjIFmGE5"
CNN,2018-10-12 10:33:28+00:00,63,0.0,0.0,1.0,0.0,"RT @cnni: More photos of Princess Eugenie's wedding dress, designed by Peter Pilotto and Christopher De Vos https://t.co/oDq6r8YabM #RoyalW‚Ä¶"
CNN,2018-10-12 10:33:23+00:00,64,0.0,0.0,1.0,0.0,RT @cnni: Princess Eugenie's bridal gown is by Peter Pilotto and Christopher De Vos. The long-sleeved ivory gown with a train makes a bold‚Ä¶
CNN,2018-10-12 10:30:12+00:00,65,0.0,0.0,1.0,0.0,How climate change will affect your health https://t.co/snqLdRuxdK https://t.co/DTJKbWbAoC
CNN,2018-10-12 10:20:08+00:00,66,-0.6705,0.0,0.791,0.209,Turkish authorities have audio and visual evidence that shows journalist Jamal Khashoggi was killed inside the Saud‚Ä¶ https://t.co/EI7Fcwwxgl
CNN,2018-10-12 10:14:59+00:00,67,0.0,0.0,1.0,0.0,Princess Eugenie's bridal gown is by Peter Pilotto and Christopher De Vos. The long-sleeved ivory gown with a train‚Ä¶ https://t.co/xuEE8KY6Of
CNN,2018-10-12 10:14:35+00:00,68,-0.0258,0.109,0.777,0.114,"Pope Francis has accepted the resignation of Cardinal Donald Wuerl, the embattled archbishop of Washington, ending‚Ä¶ https://t.co/r0ewJ6NCz5"
CNN,2018-10-12 10:05:07+00:00,69,0.6369,0.231,0.769,0.0,"Banksy's shredded ""Girl with Balloon"" has a new name: ""Love is in the Bin"" https://t.co/Ctems6bcH5 https://t.co/3fGaVwZDOE"
CNN,2018-10-12 09:55:33+00:00,70,0.0,0.0,1.0,0.0,"C-section deliveries nearly doubled worldwide since 2000, a new study finds https://t.co/yEEpHSIa7N https://t.co/nUFrj2gijK"
CNN,2018-10-12 09:38:10+00:00,71,0.0,0.0,1.0,0.0,Landed! The world's longest flight is back on the ground after 17-and-a-half hours https://t.co/e5VmsygPLA https://t.co/ubBCmOHzoq
CNN,2018-10-12 09:28:51+00:00,72,-0.4404,0.0,0.818,0.182,An Air India aircraft was damaged after hitting an airport wall during take-off https://t.co/Vcl2Rp7Q9Y
CNN,2018-10-12 09:11:16+00:00,73,0.0,0.0,1.0,0.0,Guests are arriving for Windsor's second #RoyalWedding of the year https://t.co/4AcDxlMoNL
CNN,2018-10-12 09:02:00+00:00,74,0.0,0.0,1.0,0.0,"The world's longest flight, from Singapore to New York, will be landing shortly. Here is @richardquest's final upda‚Ä¶ https://t.co/eLILgT45f6"
CNN,2018-10-12 08:53:53+00:00,75,0.128,0.073,0.927,0.0,Donald Trump and Jared Kushner are learning that throwing in their lot with foreign strongmen can come at a damagin‚Ä¶ https://t.co/S42lvRibrt
CNN,2018-10-12 08:44:56+00:00,76,0.0,0.0,1.0,0.0,The world's longest flight left yesterday on its maiden voyage and is still in the air. Take a peek on board:‚Ä¶ https://t.co/d4ANnl4sF8
CNN,2018-10-12 08:33:04+00:00,77,0.0,0.0,1.0,0.0,"Less than five months after Prince Harry and Meghan, Duchess of Sussex tied the knot, they will attend another roya‚Ä¶ https://t.co/3vlnJODXN4"
CNN,2018-10-12 08:30:13+00:00,78,-0.6597,0.0,0.794,0.206,Turkey claims it has audio and video recordings proving a Saudi journalist was murdered inside the Saudi consulate‚Ä¶ https://t.co/OnmHIxoxli
CNN,2018-10-12 08:24:08+00:00,79,0.4019,0.197,0.803,0.0,Scientists in China have bred healthy mice with two moms https://t.co/cD0WI7DqqK https://t.co/A567h9qxYs
CNN,2018-10-12 08:13:05+00:00,80,0.25,0.143,0.857,0.0,"This photographer provides an alternative, crayon-colored vision of suburban Istanbul https://t.co/PKAWKZ1BbG via‚Ä¶ https://t.co/HocokykT4T"
CNN,2018-10-12 08:01:00+00:00,81,0.7778,0.244,0.756,0.0,Jeff Bezos is the world's richest man heading up one of the most valuable companies ever. So what's next for the vi‚Ä¶ https://t.co/qfIDyzYpJB
CNN,2018-10-12 07:54:35+00:00,82,0.1027,0.06,0.94,0.0,"The White House reached out to Nancy Brinker, the founder of the Susan G. Komen foundation, to ask if she would be‚Ä¶ https://t.co/HOsgmi6dgn"
CNN,2018-10-12 07:31:00+00:00,83,0.4019,0.13,0.87,0.0,One viral menu item can make a restaurant famous on Instagram ‚Äî and massively boost business. Here's how the social‚Ä¶ https://t.co/zn0rY34kqD
CNN,2018-10-12 07:15:08+00:00,84,0.34,0.112,0.888,0.0,"This school in Panama City, Florida, welcomed children who were displaced by Hurricane Maria in Puerto Rico last ye‚Ä¶ https://t.co/41BSyle6NZ"
CNN,2018-10-12 07:08:00+00:00,85,-0.6705,0.0,0.769,0.231,An 11-year-old girl was killed when a carport flew into her grandparents' home during Hurricane Michael https://t.co/2tXv5yPPdn
CNN,2018-10-12 07:01:04+00:00,86,0.0,0.0,1.0,0.0,Astronomers witness the birth of a binary star system for the first time https://t.co/cN5FXoAWKf https://t.co/vwGu1yf3X6
CNN,2018-10-12 06:31:03+00:00,87,0.0,0.0,1.0,0.0,"President Trump's visit to the UK in July cost police around ¬£18 million ($23.8 million), police estimate. The amou‚Ä¶ https://t.co/b3ij1YHwcJ"
CNN,2018-10-12 06:16:00+00:00,88,0.0,0.0,1.0,0.0,Sears may be days away from bankruptcy. But there was a time when Sears was the largest retailer in America.‚Ä¶ https://t.co/GkhTjAvq2C
CNN,2018-10-12 06:12:47+00:00,89,0.0,0.0,1.0,0.0,"RT @cnni: In a couple of hours, @richardquest will be live on LINE answering your questions about traveling on the world's longest flight.‚Ä¶"
CNN,2018-10-12 06:01:03+00:00,90,0.0,0.0,1.0,0.0,"A New York City councilman says while jogging in Queens, he saw a flyer urging US citizens to report undocumented i‚Ä¶ https://t.co/Qie27UJHlZ"
CNN,2018-10-12 05:46:00+00:00,91,0.0,0.0,1.0,0.0,This Chinese company makes smartphones called Tecnos ‚Äî but it's never sold a single phone in China. Here's how a li‚Ä¶ https://t.co/muhN6HPDIT
CNN,2018-10-12 05:31:12+00:00,92,-0.7351,0.0,0.744,0.256,The Kingdom of Bhutan can teach us a lot about fighting climate change. The country is already carbon negative: it‚Ä¶ https://t.co/abst2nlUzM
CNN,2018-10-12 05:21:04+00:00,93,0.0,0.0,1.0,0.0,"The world's longest nonstop flight, from Singapore to New York, is in the air right now -- and CNN's @richardquest‚Ä¶ https://t.co/geM9oqhBpI"
CNN,2018-10-12 05:16:00+00:00,94,0.0,0.0,1.0,0.0,"Airbnb operates in more than 190 countries. But it started with just a few air mattresses. 

Here's how the company‚Ä¶ https://t.co/z7lRH2Az3E"
CNN,2018-10-12 05:01:02+00:00,95,0.0,0.0,1.0,0.0,Former first lady Michelle Obama says that her campaign slogan urging Democrats to remain civil when facing Republi‚Ä¶ https://t.co/bkYIqT4GaW
CNN,2018-10-12 04:46:00+00:00,96,0.0,0.0,1.0,0.0,"Before it was used by celebrities and politicians, Twitter was nothing more than an idea sketched on Jack Dorsey's‚Ä¶ https://t.co/a8OlNf6K1r"
CNN,2018-10-12 04:31:07+00:00,97,-0.7506,0.0,0.758,0.242,"20 years ago this week, Matthew Shepard died after being beaten, burned and left tied to a fence in Wyoming by two‚Ä¶ https://t.co/N4kCerZEgy"
CNN,2018-10-12 04:26:06+00:00,98,0.1027,0.18,0.667,0.153,Here's how you can help the victims of Hurricane Michael https://t.co/VuFDAitJyA https://t.co/k09gjFMYcg
CNN,2018-10-12 04:16:00+00:00,99,0.0,0.0,1.0,0.0,"Banksy's ""Girl with Balloon"" was reduced to shreds last Friday, moments after selling for $1.4 million. Now, the sa‚Ä¶ https://t.co/NkyvPZePlJ"
CNN,2018-10-12 04:01:04+00:00,100,0.7906,0.304,0.696,0.0,Someone bought the domain bearing Supreme Court Justice Brett Kavanaugh's name and turned it into a site dedicated‚Ä¶ https://t.co/alFsxONNLW
FoxNews,2018-10-12 19:20:20+00:00,1,0.6249,0.204,0.796,0.0,".@POTUS departs for Ohio, where he will make remarks at a ""Make America Great Again"" rally tonight. https://t.co/OS8axSF6Um"
FoxNews,2018-10-12 19:11:44+00:00,2,0.0,0.0,1.0,0.0,".@facebook says hackers accessed phone numbers, email addresses as part of latest breach https://t.co/x8Etg9rLhO"
FoxNews,2018-10-12 19:00:14+00:00,3,0.0,0.0,1.0,0.0,Pennsylvania GOP gov candidate says he'll ‚Äòstomp‚Äô on Gov. Wolf‚Äôs face ‚Äòwith golf spikes‚Äô https://t.co/c8kYP8e5se
FoxNews,2018-10-12 18:46:12+00:00,4,0.0,0.0,1.0,0.0,".@JessicaTarlov on 2020: @MikeBloomberg Could Go Toe-to-Toe With @realDonaldTrump, @SenKamalaHarris Could Be 'Formi‚Ä¶ https://t.co/vvJMq2E7d6"
FoxNews,2018-10-12 18:21:29+00:00,5,0.4019,0.144,0.856,0.0,Sailors and Civilians assigned to Naval Support Activity (NSA) Mid-South participated in firefighter Olympics at th‚Ä¶ https://t.co/5mguJO3nz3
FoxNews,2018-10-12 17:51:10+00:00,6,0.3182,0.223,0.777,0.0,"In-N-Out won‚Äôt expand east of Texas, owner says https://t.co/5rQhe1Lyg7"
FoxNews,2018-10-12 17:45:03+00:00,7,0.4466,0.211,0.789,0.0,RT @FoxBusiness: RECALL ALERT: Toyota issues recall for air bag flaw https://t.co/FCcFoa5SjR
FoxNews,2018-10-12 17:38:21+00:00,8,0.0,0.0,1.0,0.0,Crew member on Tom Hanks‚Äô 'Mister Rogers' film set dies after two-story fall https://t.co/cgbxQdRBwR
FoxNews,2018-10-12 17:14:16+00:00,9,-0.5267,0.0,0.746,0.254,Dem Sen. Menendez faces unexpected danger in deep-blue New Jersey https://t.co/dMxzcnALHv
FoxNews,2018-10-12 17:11:14+00:00,10,0.5859,0.297,0.703,0.0,Nazi hunters who found 'Butcher of Lyon' are honored https://t.co/UnYCPlWFt8
FoxNews,2018-10-12 17:05:46+00:00,11,0.3818,0.133,0.867,0.0,.@RepMikeTurner: ‚ÄúThe Trump administration deserves a lot of credit for raising the issue and bringing it to a conc‚Ä¶ https://t.co/VTCd92lYM2
FoxNews,2018-10-12 16:55:19+00:00,12,-0.0015,0.101,0.798,0.101,"Walter Geoffrey the Frenchie was not pleased. After jumping into the car with his owner, he was excited because he‚Ä¶ https://t.co/pJH4ihnhTy"
FoxNews,2018-10-12 16:33:18+00:00,13,-0.6705,0.0,0.743,0.257,"Graham: If Saudi Arabia Killed Jamal Khashoggi, It Will 'Destroy' Relationship With US https://t.co/Ena9bmUHJ6"
FoxNews,2018-10-12 16:28:35+00:00,14,-0.6597,0.0,0.597,0.403,Border officials alarmed by migrants abandoned in the desert https://t.co/RALxpPxwe6
FoxNews,2018-10-12 16:20:00+00:00,15,0.4019,0.197,0.803,0.0,Dave Chappelle defends Kanye West's Donald Trump meeting: 'I support him' https://t.co/B7hJtKswZm
FoxNews,2018-10-12 16:10:00+00:00,16,0.0,0.0,1.0,0.0,Princess Charlotte takes a tumble at Princess Eugenie's royal wedding https://t.co/HGqGogFE6V
FoxNews,2018-10-12 16:00:02+00:00,17,-0.0258,0.154,0.629,0.217,"Andrew Brunson, American pastor detained in Turkey, is freed, sentenced to time served https://t.co/KqxmRIUy36"
FoxNews,2018-10-12 15:53:29+00:00,18,-0.5267,0.0,0.702,0.298,Mom horribly bruised shielding baby from softball-sized hailstones https://t.co/yvpmMC4BVY
FoxNews,2018-10-12 15:49:53+00:00,19,0.0772,0.08,0.92,0.0,.@seanspicer: ‚ÄúThis has been a continuation of a number of accomplishments that the president has received bringing‚Ä¶ https://t.co/UO5ZDaubbi
FoxNews,2018-10-12 15:39:39+00:00,20,0.0,0.0,1.0,0.0,"Lauren Brunson, Pastor Brunson‚Äôs Sister: ‚ÄúI really don‚Äôt believe we‚Äôd be here today without the administration that‚Ä¶ https://t.co/Zc9vwJoEMA"
FoxNews,2018-10-12 15:32:07+00:00,21,0.3612,0.143,0.857,0.0,"Lauren Brunson, Pastor Brunson‚Äôs Sister: ‚ÄúI know he‚Äôs eager to see his children again.‚Äù https://t.co/pRnzGflSaF https://t.co/ioTsOaKQXo"
FoxNews,2018-10-12 15:28:48+00:00,22,0.3291,0.144,0.856,0.0,"Lauren Brunson, Pastor Brunson‚Äôs Sister: ‚ÄúWe‚Äôre overjoyed, but it still doesn‚Äôt quite seem real.‚Äù‚Ä¶ https://t.co/gPH7BU37JE"
FoxNews,2018-10-12 15:12:11+00:00,23,-0.7003,0.0,0.424,0.576,Left-wing student charged for attacking pro-life protest https://t.co/8dbA3n4nHo
FoxNews,2018-10-12 15:01:01+00:00,24,-0.4767,0.0,0.795,0.205,"Trump snubs Feinstein, Harris to nominate conservative judges to liberal 9th Circuit https://t.co/Rxd28jThhc"
FoxNews,2018-10-12 14:54:41+00:00,25,0.0,0.0,1.0,0.0,"RT @FoxBusiness: China's Sept. trade surplus with U.S. widens to record $34.13B
https://t.co/GuPu39LB6w"
FoxNews,2018-10-12 14:37:24+00:00,26,0.0,0.0,1.0,0.0,National Law Enforcement Museum invites visitors to 'walk in the shoes' of police with high-tech exhibits https://t.co/0s2vxoskJF
FoxNews,2018-10-12 14:36:22+00:00,27,0.0,0.0,1.0,0.0,Melania Trump on her husband‚Äôs alleged infidelity: ‚ÄòIt is not a concern or focus of mine‚Äô https://t.co/Wzoa2ULTsJ
FoxNews,2018-10-12 14:30:14+00:00,28,0.4023,0.271,0.607,0.121,".@LindseyGrahamSC: ‚ÄúI‚Äôm pleased, I‚Äôm not going to celebrate until he gets home. I want to thank the Trump administr‚Ä¶ https://t.co/KOAQ3oYCOM"
FoxNews,2018-10-12 14:11:13+00:00,29,0.0,0.0,1.0,0.0,"Moments ago, President @realDonaldTrump tweeted about Pastor Andrew Brunson https://t.co/pRnzGflSaF https://t.co/b3g4vJrfkt"
FoxNews,2018-10-12 14:07:13+00:00,30,0.5719,0.207,0.793,0.0,".@SenThomTillis: ‚ÄúI‚Äôve got to thank President Trump. He was the, I think, MVP in helping us get Pastor Brunson rele‚Ä¶ https://t.co/Ch7ZRnM0t5"
FoxNews,2018-10-12 14:02:47+00:00,31,0.7841,0.33,0.67,0.0,.@SenThomTillis: ‚ÄúIt‚Äôs the best possible outcome. We‚Äôre very excited for Pastor Brunson and his wife.‚Äù https://t.co/s8GaTlbJTa
FoxNews,2018-10-12 13:45:50+00:00,32,-0.0258,0.138,0.667,0.195,"BREAKING NEWS: Andrew Brunson, American pastor detained in Turkey, is freed, sentenced to time served‚Ä¶ https://t.co/ip3HLy7aQD"
FoxNews,2018-10-12 13:11:44+00:00,33,0.0,0.0,1.0,0.0,FEMA holds a briefing on the aftermath of Hurricane Michael. https://t.co/sDZqGvrw5b
FoxNews,2018-10-12 13:10:42+00:00,34,0.0,0.0,1.0,0.0,About 1M without power after Hurricane Michael shreds electric grids; towns flattened https://t.co/D4uTOQSD81
FoxNews,2018-10-12 13:05:16+00:00,35,-0.1779,0.113,0.739,0.148,"GOP now on the offensive in several Senate races, could expand majority even if House flips https://t.co/vKDnqABtEN"
FoxNews,2018-10-12 12:49:25+00:00,36,-0.4215,0.0,0.763,0.237,Walter Geoffrey the Frenchie throws tantrum over closed park https://t.co/D8MoU5xhDR
FoxNews,2018-10-12 12:40:08+00:00,37,0.3612,0.128,0.872,0.0,".@Franklin_Graham: ‚ÄúHe could be coming home and this is something we‚Äôve been praying for, for a long time.‚Äù https://t.co/BCHvWqGqEm"
FoxNews,2018-10-12 12:29:48+00:00,38,-0.0772,0.16,0.663,0.177,Renewed hope for release of jailed American pastor in Turkey; @BenjaminHallFNC reports https://t.co/yO3as2jfu8 https://t.co/YMcjTt35JL
FoxNews,2018-10-12 12:16:08+00:00,39,0.4215,0.25,0.625,0.125,"Flake calls Trump supporters' 'lock her up' chants 'disturbing,' and fears for future of Republican Party https://t.co/snFUE5R7QQ"
FoxNews,2018-10-12 12:14:22+00:00,40,-0.2732,0.13,0.621,0.249,"Pope Francis accepts resignation of Cardinal Wuerl, DC archbishop linked to sex-abuse cover-up https://t.co/IYbnGEzFoN"
FoxNews,2018-10-12 12:09:36+00:00,41,0.3818,0.157,0.843,0.0,".@SteveScalise: ‚ÄúYou resolve your differences at the ballot box, you don‚Äôt resort to violence.‚Äù https://t.co/enDTnlMHy7"
FoxNews,2018-10-12 12:07:24+00:00,42,-0.8176,0.0,0.694,0.306,"OPINION: Rep. Steve Scalise: When Eric Holder, other Dems call for violence, that's a direct threat to our democracy https://t.co/si9UR6YExz"
FoxNews,2018-10-12 12:06:37+00:00,43,-0.0772,0.092,0.803,0.104,"Buffalo Bills fan takes jab from the grave, requests six players as pallbearers so they 'can let him down one last‚Ä¶ https://t.co/M8LjfI9q8o"
FoxNews,2018-10-12 12:00:54+00:00,44,0.0,0.0,1.0,0.0,Princess Eugenie marries Jack Brooksbank at Windsor Castle https://t.co/xZkQWY5YyY
FoxNews,2018-10-12 11:48:35+00:00,45,0.7397,0.221,0.779,0.0,".@DiamondandSilk: ‚ÄúI am so, just very proud of Kanye, that he was bold enough to go to the Oval Office, sit down an‚Ä¶ https://t.co/dkao3URVxO"
FoxNews,2018-10-12 11:42:49+00:00,46,0.0,0.0,1.0,0.0,.@GOPChairwoman: ‚ÄúWe need to return to civility.‚Äù https://t.co/NmOcMLVcVA
FoxNews,2018-10-12 11:37:35+00:00,47,0.0,0.0,1.0,0.0,"Jack Brooksbank places the ring on the finger of Britain's Princess Eugenie of York, the granddaughter of Queen Eli‚Ä¶ https://t.co/PaCs6rHFre"
FoxNews,2018-10-12 11:10:22+00:00,48,-0.0772,0.147,0.693,0.16,"OPINION: Christopher Scalia: Lessons from the Kavanaugh chaos -- What my father, Justice Antonin Scalia, would have‚Ä¶ https://t.co/X5bG0trVYf"
FoxNews,2018-10-12 10:59:00+00:00,49,-0.296,0.0,0.845,0.155,Body on Oregon‚Äôs Mount Hood ID'd as that of missing Arizona hiker https://t.co/AS4Y72eXtl
FoxNews,2018-10-12 10:52:00+00:00,50,0.5106,0.231,0.769,0.0,Arizona Senate hopeful Sinema implied state produced 'crazy' in 2011 speech https://t.co/ha27Dz7TBi
FoxNews,2018-10-12 10:37:00+00:00,51,0.3182,0.206,0.704,0.09,"Rear Adm. Cedric Pringle greets retired Chief Petty Officer Richard ""Johnny"" Johnson, a Pearl Harbor survivor, duri‚Ä¶ https://t.co/TDIsv7a10w"
FoxNews,2018-10-12 10:30:00+00:00,52,0.1779,0.078,0.922,0.0,Jason Nichols: ‚ÄúWe certainly need to have civil conversations with people that wanna be civil. But we also have to‚Ä¶ https://t.co/doKtb59XHf
FoxNews,2018-10-12 10:22:00+00:00,53,-0.6249,0.0,0.683,0.317,Oregon man lunges for police officer‚Äôs gun during trial in shocking video https://t.co/gL0hg5nQWF
FoxNews,2018-10-12 10:15:00+00:00,54,-0.6908,0.0,0.749,0.251,Ed Martin on confrontational Democratic rhetoric: ‚ÄúI think it‚Äôs a terrible message for Eric Holder to put out‚Ä¶And I‚Ä¶ https://t.co/uOK6fPLGi7
FoxNews,2018-10-12 10:10:52+00:00,55,0.0,0.0,1.0,0.0,.@schmittnyc is live with the ‚ÄòFox News Update‚Äô on Facebook Watch: https://t.co/hNrB8xzepH https://t.co/wJZYDiLOhZ
FoxNews,2018-10-12 10:07:00+00:00,56,0.4939,0.151,0.849,0.0,"Speaking on #Hannity, Florida's @AGPamBondi praised Kanye West‚Äôs visit to the White House Thursday. ‚ÄúHe gets it,‚Äù s‚Ä¶ https://t.co/3tywPHEbHJ"
FoxNews,2018-10-12 10:01:00+00:00,57,0.0,0.0,1.0,0.0,"Decades later, authorities link husband to wife's 1975 disappearance https://t.co/Egim8phtWg"
FoxNews,2018-10-12 09:52:01+00:00,58,-0.4767,0.163,0.444,0.393,"Suspect admits to Bulgarian journalist attack, prosecutors say https://t.co/kp4L1D6b8B"
FoxNews,2018-10-12 09:48:00+00:00,59,0.25,0.125,0.8,0.075,Kroll: ‚ÄúThere‚Äôs a rebellion going on in cities like Minneapolis and across the country against the Trump administra‚Ä¶ https://t.co/OBI0N3TEqk
FoxNews,2018-10-12 09:44:00+00:00,60,-0.296,0.0,0.879,0.121,"Lt. Bob Kroll, MPD Federation president: ‚ÄúIt‚Äôs extreme left-wing politics here in Minneapolis‚Ä¶They refuse to accept‚Ä¶ https://t.co/igGT7PVPN9"
FoxNews,2018-10-12 09:39:00+00:00,61,0.0,0.0,1.0,0.0,"McCaskill beholden to national Dems, not constituents, on Census citizenship question, GOP's Hawley says https://t.co/mqUM8AqjCx"
FoxNews,2018-10-12 09:35:00+00:00,62,-0.2732,0.0,0.89,0.11,Financial Analyst Dan Geltrude on stock market drop: ‚ÄúWe already know historically that October is a very volatile‚Ä¶ https://t.co/NiQhu85WYA
FoxNews,2018-10-12 09:31:00+00:00,63,0.4939,0.176,0.824,0.0,".@RealCandaceO, the communications director for Turning Point USA, praised Kanye West‚Äôs meeting with @POTUS Thursda‚Ä¶ https://t.co/wnJNu5XFhE"
FoxNews,2018-10-12 09:28:00+00:00,64,0.1779,0.091,0.909,0.0,@PatricePinkFile on Kanye West‚Äôs White House visit: ‚ÄúThe past solutions have not worked. Let‚Äôs try something differ‚Ä¶ https://t.co/IHgL19mpug
FoxNews,2018-10-12 09:24:00+00:00,65,-0.6249,0.0,0.785,0.215,"Hoffman: ‚ÄúJust this past summer, terrorists used drones, they called them DBIEDs ‚Äî drone-born improvised explosive‚Ä¶ https://t.co/jmP72Zdfy7"
FoxNews,2018-10-12 09:23:30+00:00,66,0.7322,0.306,0.694,0.0,Geltrude: ‚Äú@POTUS really does have a good point here‚Ä¶Why is the Fed raising interest rates?‚Äù @FoxFriendsFirst https://t.co/sxv3sznlBD
FoxNews,2018-10-12 09:20:00+00:00,67,-0.4767,0.0,0.721,0.279,Michael blamed for at least 6 deaths @FoxFriendsFirst https://t.co/67HSNUKlQL https://t.co/yCIDixnpLg
FoxNews,2018-10-12 09:15:00+00:00,68,-0.4939,0.0,0.849,0.151,.@GriffJenkins took to the sky to have a look at the damage caused in Florida by Hurricane Michael @FoxFriendsFirst‚Ä¶ https://t.co/4YxQVQPXVk
FoxNews,2018-10-12 09:09:00+00:00,69,-0.91,0.0,0.596,0.404,"Daniel Hoffman on drone terror threat: ‚ÄúWe‚Äôve been detecting terrorist use of drones in Iraq, for example, in Ramad‚Ä¶ https://t.co/huGf9gArnA"
FoxNews,2018-10-12 09:05:00+00:00,70,-0.5859,0.0,0.593,0.407,FBI warns of escalating drone threat @FoxFriendsFirst https://t.co/vOplWbO2l5 https://t.co/wIi2d2vUFE
FoxNews,2018-10-12 09:00:01+00:00,71,-0.4019,0.0,0.863,0.137,Attorney David Bruno: ‚ÄúRod Rosenstein is the supervisor of the Mueller investigation. Arguments are that because he‚Ä¶ https://t.co/mOw0rZlpue
FoxNews,2018-10-12 08:52:00+00:00,72,0.0,0.0,1.0,0.0,About 1M without power after Hurricane Michael shreds electric grids; towns flattened https://t.co/9LwrqAop23
FoxNews,2018-10-12 08:45:00+00:00,73,0.0,0.0,1.0,0.0,"Celebrities bash meeting between Kanye West, @POTUS @foxfriendsfirst https://t.co/RSkpJi8xP7 https://t.co/4zxXghzzU4"
FoxNews,2018-10-12 08:30:02+00:00,74,0.0,0.0,1.0,0.0,Mnuchin to visit Saudi Arabia amid Khashoggi mystery @foxfriendsfirst https://t.co/s2rnO1NSEg https://t.co/8DINEcc8lU
FoxNews,2018-10-12 08:23:00+00:00,75,-0.2263,0.0,0.888,0.112,Family files lawsuit after shooting victim's body found in van 49 days after vehicle impounded https://t.co/UTjSIGTGmw
FoxNews,2018-10-12 08:17:00+00:00,76,-0.4019,0.0,0.816,0.184,"Detained Pastor Brunson heads to court, @DougLuzader has the story @foxfriendsfirst https://t.co/q9KzMtmHsk https://t.co/AVR5sJrUMO"
FoxNews,2018-10-12 08:12:00+00:00,77,-0.4588,0.0,0.812,0.188,"Teen crashes, dies in police chase after beating mom with bat, reports say https://t.co/3tKPE99Dnw"
FoxNews,2018-10-12 08:05:00+00:00,78,-0.0772,0.147,0.693,0.16,"Christopher Scalia: Lessons from the Kavanaugh chaos -- What my father, Justice Antonin Scalia, would have thought‚Ä¶ https://t.co/dFy8F2O0tG"
FoxNews,2018-10-12 07:52:00+00:00,79,-0.6808,0.0,0.705,0.295,MSU student allegedly raped woman hours after she attended #MeToo rally https://t.co/oU8xcqkz4O
FoxNews,2018-10-12 07:45:01+00:00,80,0.4902,0.131,0.869,0.0,.@KarlRove: ‚ÄúThere‚Äôs been so much good news about the stock market in the last year and a half that that might offs‚Ä¶ https://t.co/hhNsAHJUrV
FoxNews,2018-10-12 07:37:00+00:00,81,-0.4576,0.0,0.786,0.214,"Virginia firefighter dies, several more injured when semi-truck rams into firetruck https://t.co/toUeZYvUEW"
FoxNews,2018-10-12 07:30:00+00:00,82,-0.5106,0.0,0.845,0.155,".@kayleighmcenany on prison reform: ‚Äú@RepDougCollins said we are one vote away in the Senate, one vote from prison‚Ä¶ https://t.co/bDD09IvCvq"
FoxNews,2018-10-12 07:22:00+00:00,83,-0.5994,0.0,0.738,0.262,Georgia father describes ‚Äòhell‚Äô of 11-year-old daughter‚Äôs death during Hurricane Michael https://t.co/Do09w4refp
FoxNews,2018-10-12 07:15:00+00:00,84,0.0,0.0,1.0,0.0,".@kayleighmcenany: ‚ÄúHe had very well-informed political opinions, but you‚Äôre going to hear the left call him mental‚Ä¶ https://t.co/wkBw80PM35"
FoxNews,2018-10-12 07:08:00+00:00,85,-0.802,0.0,0.676,0.324,Former reality TV star gets 16 years in DUI crash that killed US Coast Guard technician https://t.co/AMN74ohRie
FoxNews,2018-10-12 07:01:01+00:00,86,0.0,0.0,1.0,0.0,".@MZHemingway on the midterms: ""We were being told that it was going to be a blue wave and that everything was goin‚Ä¶ https://t.co/EYMn7gNrqz"
FoxNews,2018-10-12 06:53:00+00:00,87,-0.8658,0.0,0.452,0.548,Two men charged with raping 9-month-old baby and filming attack https://t.co/hatejaLD12
FoxNews,2018-10-12 06:45:00+00:00,88,0.0,0.0,1.0,0.0,.@LawrenceBJones3 on Kanye‚Äôs White House visit: ‚ÄúThere have been a lot of black Republicans within the movement tha‚Ä¶ https://t.co/gX5YDMgrhs
FoxNews,2018-10-12 06:39:50+00:00,89,0.0,0.0,1.0,0.0,Crowds begin gathering outside Windsor Castle in England before the wedding of Princess Eugenie and Jack Brooksbank‚Ä¶ https://t.co/sCkXrgQiec
FoxNews,2018-10-12 06:37:00+00:00,90,-0.296,0.0,0.855,0.145,"Saudi Arabia faces backlash from Branson, other businesses over missing writer (via @FoxBusiness) https://t.co/3o5KsiB7Q0"
FoxNews,2018-10-12 06:30:00+00:00,91,-0.5875,0.0,0.814,0.186,"Kanye West: ""If [@POTUS] don't look good, we don't look good. This is our president. He has to be the freshest, the‚Ä¶ https://t.co/EqSreaPs0m"
FoxNews,2018-10-12 06:30:00+00:00,92,0.0,0.0,1.0,0.0,".@RepMarkMeadows: ""It's about time that Bob Mueller ‚Äî he must finish the investigation. It's time to call it quits."" https://t.co/lGtnQBkhQ1"
FoxNews,2018-10-12 06:22:00+00:00,93,0.6369,0.244,0.756,0.0,Banksy painting renamed 'Love is in the Bin' after shredding during live auction https://t.co/kWbCodKVit
FoxNews,2018-10-12 06:15:00+00:00,94,-0.25,0.165,0.61,0.226,".@RealCandaceO: ""The left has become the party of hate and division."" https://t.co/YAs6IU34UF"
FoxNews,2018-10-12 06:08:00+00:00,95,-0.6486,0.0,0.71,0.29,"Wife charged in husband's fatal stabbing offered multiple accounts of what happened, authorities say https://t.co/cvTDktH0hs"
FoxNews,2018-10-12 06:01:00+00:00,96,0.0,0.0,1.0,0.0,".@JedediahBila: ""You have to give Kanye credit...he goes in, he speaks his mind."" https://t.co/DSpv6wIjeb"
FoxNews,2018-10-12 05:52:00+00:00,97,-0.296,0.141,0.647,0.212,"Ten toes, 36,000 feet: Passenger shamed for giving herself a 'pedicure' on plane https://t.co/bmmfW5b9ez"
FoxNews,2018-10-12 05:45:00+00:00,98,0.6124,0.217,0.783,0.0,.@POTUS: ‚ÄúHow does it feel to be in the Oval Office?‚Äù Kanye West: ‚ÄúIt is good energy in this.‚Äù‚Ä¶ https://t.co/sAgFL63FRX
FoxNews,2018-10-12 05:38:00+00:00,99,-0.1531,0.0,0.904,0.096,Crew member 'critical' after falling 2 stories on set of Tom Hanks‚Äô 'Mister Rogers' film: reports https://t.co/QxCvMeTiCx
FoxNews,2018-10-12 05:30:00+00:00,100,0.5267,0.274,0.726,0.0,".@AGPamBondi: ""Kanye West is brave. He's his own man."" https://t.co/rJNu2aAfD7"
nytimes,2018-10-12 19:20:04+00:00,1,0.0,0.0,1.0,0.0,RT @TheSteinLine: What's ahead for the Warriors and the rest of the league? I asked the only two Golden State cornerstones under contract f‚Ä¶
nytimes,2018-10-12 19:10:07+00:00,2,0.4404,0.42,0.58,0.0,"They're good dogs, science https://t.co/RrARfMQuZX"
nytimes,2018-10-12 19:00:11+00:00,3,-0.2885,0.094,0.719,0.186,"RT @jmartNYT: EXCLUSIVE: Maine gov candidate Shawn Moody settled a sex discrimination lawsuit in 2006

The woman, telling her story publicl‚Ä¶"
nytimes,2018-10-12 18:50:05+00:00,4,0.3612,0.111,0.889,0.0,"In California, Proposition 10 has put a new focus on an old question: whether rent control tends to ease or compoun‚Ä¶ https://t.co/KCqWGnBMWs"
nytimes,2018-10-12 18:35:05+00:00,5,0.0,0.0,1.0,0.0,"Commerce Secretary Wilbur Ross has shifted his explanation for adding a citizenship question to the 2020 census, sa‚Ä¶ https://t.co/wGcMOprkoF"
nytimes,2018-10-12 18:25:02+00:00,6,0.6059,0.298,0.702,0.0,"""Democrats have a rare opportunity to gain a foothold against President Trump‚Äôs Republican Party. But if they come‚Ä¶ https://t.co/ZbHCb3QVdQ"
nytimes,2018-10-12 18:10:06+00:00,7,-0.34,0.0,0.893,0.107,RT @carlzimmer: Islands of green in oceans of flame: I write this week in @nytimes about the science of fire refugia https://t.co/WTsoD6opU‚Ä¶
nytimes,2018-10-12 17:55:04+00:00,8,0.2263,0.087,0.913,0.0,"The Seven Sisters have long been popular among hikers. But over the past 2 years, visitors from China have been inc‚Ä¶ https://t.co/E7BYjPk63n"
nytimes,2018-10-12 17:40:09+00:00,9,0.2023,0.087,0.913,0.0,"Facebook is still investigating how hackers gained access to its network. But in a Friday update, the company now s‚Ä¶ https://t.co/QCBlhI8Ia5"
nytimes,2018-10-12 17:25:03+00:00,10,0.1531,0.074,0.926,0.0,"In a poll completed Thursday night by The New York Times Upshot and Siena College, Ted Cruz held a solid lead over‚Ä¶ https://t.co/ZSH3XeZ41a"
nytimes,2018-10-12 17:15:04+00:00,11,-0.3612,0.0,0.906,0.094,"RT @nytopinion: Old folks are counting on the young to be clueless, to stay in a social media stupor while the rest of the country designs‚Ä¶"
nytimes,2018-10-12 17:00:18+00:00,12,-0.7579,0.0,0.764,0.236,"By the Book: Susan Orlean, the author of ‚ÄúThe Library Book,‚Äù says she is ""a sucker for a sad book. As wrenching and‚Ä¶ https://t.co/zNeVGnCLh7"
nytimes,2018-10-12 16:45:04+00:00,13,-0.5106,0.0,0.864,0.136,"RT @nytopinion: Moustafa Kassem saw his American passport as his shield, his bulletproof armor. He is dying in an Egyptian prison, forgotte‚Ä¶"
nytimes,2018-10-12 16:30:07+00:00,14,0.3182,0.095,0.905,0.0,"Most of the time, The New York Times asks you to read something. Today we are inviting you, simply, to look: Here's‚Ä¶ https://t.co/0ezzi188MD"
nytimes,2018-10-12 16:15:05+00:00,15,-0.6486,0.0,0.751,0.249,"With perhaps 5,000 still missing after a deadly earthquake and tsunami in Indonesia, the government has suspended l‚Ä¶ https://t.co/QuNndJkVLq"
nytimes,2018-10-12 16:00:17+00:00,16,-0.1531,0.105,0.766,0.129,RT @dagnysalas: Stunning photos of the damage wrought by Hurricane Michael from our photojournalists on the ground and edited by @MorriganM‚Ä¶
nytimes,2018-10-12 15:50:06+00:00,17,0.0,0.0,1.0,0.0,"5 months after Prince Harry and Meghan Markle's wedding, another royal got married in Windsor: Princess Eugenie, wh‚Ä¶ https://t.co/MMY628p7XN"
nytimes,2018-10-12 15:46:02+00:00,18,0.0,0.0,1.0,0.0,RT @heathertal: We're two years out from the point when nearly all Americans of northern European ancestry will be identifiable through cou‚Ä¶
nytimes,2018-10-12 15:30:11+00:00,19,0.0,0.0,1.0,0.0,"The NYT review of ""First Man"" https://t.co/uxJAVrT0Jg"
nytimes,2018-10-12 15:15:06+00:00,20,0.0,0.0,1.0,0.0,"Sheldon and Miriam Adelson are piling even more of their casino fortune into Republicans‚Äô campaign efforts, people‚Ä¶ https://t.co/nCogeZoOsm"
nytimes,2018-10-12 15:10:04+00:00,21,0.5719,0.163,0.837,0.0,"""For a time, the sun overhead turned the still water into a mirror, rendering the peaks of roofs into perfect rhomb‚Ä¶ https://t.co/lBdcxkGoAs"
nytimes,2018-10-12 15:00:23+00:00,22,0.0,0.0,1.0,0.0,Dope. dayum. What's your vibe? We asked 18-year-old girls around the word to tell us how they talk. https://t.co/MzfC1SKPim
nytimes,2018-10-12 14:52:03+00:00,23,-0.4215,0.0,0.877,0.123,RT @alanblinder: THREAD: We're only beginning to learn the scope of Hurricane Michael's devastation. Here's the package of coverage that Ti‚Ä¶
nytimes,2018-10-12 14:46:03+00:00,24,0.0,0.0,1.0,0.0,"This work by Jenny Saville sold for $12.4 million, an auction high for a living female artist. But before anyone ha‚Ä¶ https://t.co/H9vBH53PmS"
nytimes,2018-10-12 14:31:03+00:00,25,-0.6908,0.0,0.793,0.207,RT @meslackman: The mysterious disappearance and possible murder of a Saudi journalist is reverberating from Wall Street and Silicon Valley‚Ä¶
nytimes,2018-10-12 14:14:02+00:00,26,0.3612,0.111,0.889,0.0,"""It's like Trump is sitting across from his own Twitter account come to life,"" Jimmy Kimmel said about Kanye West's‚Ä¶ https://t.co/4QulRxBlQD"
nytimes,2018-10-12 14:00:09+00:00,27,0.6249,0.163,0.837,0.0,"RT @katierogers: Making America Great Again. Again. And Again: Trump rallies tend to follow a script, so we went ahead and fully committed.‚Ä¶"
nytimes,2018-10-12 13:45:57+00:00,28,-0.7351,0.0,0.733,0.267,"Breaking News: Andrew Brunson, a U.S. pastor held in Turkey for 2 years on charges of aiding terrorists and espiona‚Ä¶ https://t.co/GNEPzNnFHO"
nytimes,2018-10-12 13:45:05+00:00,29,0.2732,0.104,0.896,0.0,Turkish authorities say they have explicit audio recordings as well as video footage showing that Saudi agents kill‚Ä¶ https://t.co/e05ryu4BtJ
nytimes,2018-10-12 13:40:40+00:00,30,0.0,0.0,1.0,0.0,"RT @nytimesbusiness: A judge ruled on Friday that this fracking project can proceed. Drilling work will begin on Saturday, the company said‚Ä¶"
nytimes,2018-10-12 13:34:04+00:00,31,0.0,0.0,1.0,0.0,"""Massage Woman to Stand on Street,"" the ad said. ""$20,000 a month. Flushing, N.Y."" Rachel called to ask what the jo‚Ä¶ https://t.co/mmI9EuRgpO"
nytimes,2018-10-12 13:16:02+00:00,32,0.4404,0.182,0.818,0.0,The good times President Trump brought to the stock market may be ending https://t.co/UAx4fxrB4P
nytimes,2018-10-12 13:00:03+00:00,33,0.0,0.0,1.0,0.0,Morning Briefing: Here's what you need to know to start your day https://t.co/dcFIZvto8L
nytimes,2018-10-12 12:45:04+00:00,34,-0.1162,0.097,0.745,0.157,"""Fear is not a proper motivator. Hope wins out,"" Michelle Obama told NBC on Thursday. But for many Democrats, it do‚Ä¶ https://t.co/dmFp4caeBP"
nytimes,2018-10-12 12:30:13+00:00,35,0.0,0.0,1.0,0.0,"""There are now well-developed networks of Americans targeting other Americans with purposefully designed manipulati‚Ä¶ https://t.co/g9o0K9hJEy"
nytimes,2018-10-12 12:20:10+00:00,36,0.0,0.0,1.0,0.0,We analyzed aerial images of Mexico Beach and found that half of the buildings along a one-mile stretch were comple‚Ä¶ https://t.co/ifNxPvlZ6N
nytimes,2018-10-12 12:12:06+00:00,37,0.128,0.125,0.767,0.108,"Teachers in New York City will receive bonuses of up to $8,000 to work in schools in poor areas that they have ofte‚Ä¶ https://t.co/nznvMjnqog"
nytimes,2018-10-12 12:00:04+00:00,38,-0.4019,0.0,0.802,0.198,"Your daily @DealBook Briefing:

‚Ä¢ Will U.S. markets stop plunging?

‚Ä¢ Businesses start cutting ties with Saudi Arab‚Ä¶ https://t.co/aBUBn5Moy2"
nytimes,2018-10-12 11:46:03+00:00,39,0.0,0.0,1.0,0.0,"RT @nytimesarts: Fleetwood Mac, in a rekindling of old drama, is being taken to court in a suit filed by its longtime off-and-on guitarist‚Ä¶"
nytimes,2018-10-12 11:30:05+00:00,40,0.7783,0.312,0.688,0.0,"""Part presidential ego boost, part political organizing tool and part WrestleMania, 'Make America Great Again' rall‚Ä¶ https://t.co/I5QnJFIib1"
nytimes,2018-10-12 11:16:04+00:00,41,0.0,0.0,1.0,0.0,"The idea of charging drivers to enter Manhattan's busiest neighborhoods has been debated for decades, but it could‚Ä¶ https://t.co/q5hv6PsSie"
nytimes,2018-10-12 11:00:10+00:00,42,-0.8442,0.0,0.69,0.31,"The killing of 17-year-old Laquan McDonald by Jason Van Dyke, a Chicago police officer, laid bare decades of fury o‚Ä¶ https://t.co/ZEgWkObATy"
nytimes,2018-10-12 10:51:03+00:00,43,-0.3182,0.0,0.892,0.108,"""So many lives have been changed forever, so many families have lost everything,"" said Gov. Rick Scott of Florida.‚Ä¶ https://t.co/K8HTRlEDfi"
nytimes,2018-10-12 10:44:02+00:00,44,-0.5719,0.0,0.654,0.346,"Video: Hurricane Michael's destruction, viewed from above https://t.co/aSQK0AjBjX"
nytimes,2018-10-12 10:37:20+00:00,45,-0.0129,0.073,0.851,0.076,"Breaking News: Pope Francis accepted the resignation of Cardinal Donald Wuerl, but did not make the moment an examp‚Ä¶ https://t.co/2XRm25N9Qp"
nytimes,2018-10-12 10:30:09+00:00,46,0.5256,0.139,0.861,0.0,North Korea has turned the deal President Trump signed with Kim Jong-un into one of its most effective cudgels in t‚Ä¶ https://t.co/WBpW02iJb9
nytimes,2018-10-12 10:29:02+00:00,47,0.1027,0.105,0.806,0.089,"RT @jasondhorowitz: The Times asked Cardinal Wuerl  what message it sent that Francis, after accepting his resignation, had kept him in Was‚Ä¶"
nytimes,2018-10-12 10:15:05+00:00,48,-0.4215,0.0,0.872,0.128,"""This hurricane was an absolute monster,"" said Gov. Rick Scott of Florida. The scope of the devastation brought by‚Ä¶ https://t.co/h1O5tijDOV"
nytimes,2018-10-12 10:12:01+00:00,49,-0.0258,0.129,0.736,0.135,"Pope Francis accepted the resignation of Cardinal Donald Wuerl, the archbishop of Washington https://t.co/p7ahA4IzkQ"
nytimes,2018-10-12 10:02:06+00:00,50,0.0,0.0,1.0,0.0,Morning¬†Briefing: Here's what you need to know to start your day https://t.co/nmgfw0kB4z
nytimes,2018-10-12 09:45:03+00:00,51,-0.3818,0.0,0.885,0.115,The U.S. restricted exports of nuclear technology to China in an effort to slow building of nuclear reactors that w‚Ä¶ https://t.co/vMNoFdEoOr
nytimes,2018-10-12 09:30:10+00:00,52,0.0,0.0,1.0,0.0,"A farmer's field in northwest England, where cows graze and anti-fracking activists have set up camp nearby, may de‚Ä¶ https://t.co/LhyH4DL0WD"
nytimes,2018-10-12 09:20:03+00:00,53,0.6124,0.238,0.762,0.0,"The NYT global growth editor, @millie, discusses how she tries to understand and nurture a worldwide audience. ‚ÄúSo‚Ä¶ https://t.co/VjKrJAT3CY"
nytimes,2018-10-12 09:10:05+00:00,54,0.2263,0.127,0.873,0.0,"RT @MattAndersonNYT: With the new Humboldt Forum, Germany wants a new cultural jewel to challenge the Louvre and the British Museum. But th‚Ä¶"
nytimes,2018-10-12 09:00:10+00:00,55,0.4215,0.128,0.872,0.0,"South Korea moved to patch up a potential row with the United States, disowning any plan to lift sanctions against‚Ä¶ https://t.co/Hh6pPNxRTD"
nytimes,2018-10-12 08:45:02+00:00,56,0.0,0.0,1.0,0.0,"In the decades since she was rediscovered, Annemarie Schwarzenbach has become something of a cult figure in Europe,‚Ä¶ https://t.co/Mkwv5h9IFh"
nytimes,2018-10-12 08:30:08+00:00,57,-0.8164,0.0,0.718,0.282,"In 9 out of 10 cases, those who kill journalists are never brought to justice, according to the Committee to Protec‚Ä¶ https://t.co/KYCkmeAmOC"
nytimes,2018-10-12 08:15:05+00:00,58,0.4019,0.13,0.87,0.0,A far-right German political party is calling on students and their families to report teachers who air their polit‚Ä¶ https://t.co/53xZ456IJ5
nytimes,2018-10-12 08:00:15+00:00,59,-0.9081,0.0,0.592,0.408,Egypt sentenced 17 people to death for attacks claimed by ISIS that killed more than 80 people. Rights groups say s‚Ä¶ https://t.co/53WgEqnkLb
nytimes,2018-10-12 07:45:04+00:00,60,0.7717,0.355,0.645,0.0,An energy company hopes to overcome its rocky history of shale drilling in the United Kingdom https://t.co/7ryLTJnpRi
nytimes,2018-10-12 07:30:15+00:00,61,-0.6705,0.0,0.791,0.209,Turkish authorities say they have explicit audio and video evidence showing that Saudi agents killed the dissident‚Ä¶ https://t.co/nXlAjat5fO
nytimes,2018-10-12 07:15:06+00:00,62,-0.1027,0.113,0.756,0.13,"The attack happened after a dinner party at the home of the Chinese billionaire Richard Liu, who was later charged‚Ä¶ https://t.co/Fw7crx77jc"
nytimes,2018-10-12 07:00:13+00:00,63,0.0,0.0,1.0,0.0,"Investors in Asia appeared to take a pause on Friday, after another day of selling swept Wall Street https://t.co/Jg6ge1QJYd"
nytimes,2018-10-12 06:45:05+00:00,64,0.128,0.098,0.829,0.073,The Pakistani government formally began the process of seeking an IMF bailout worth up to $12 billion https://t.co/nbGYAsCEUX
nytimes,2018-10-12 06:30:11+00:00,65,0.0,0.0,1.0,0.0,"90 percent of Americans of European descent will soon be identifiable from their DNA, researchers found. The scienc‚Ä¶ https://t.co/CrDH1BHcEH"
nytimes,2018-10-12 06:15:08+00:00,66,0.4019,0.124,0.876,0.0,"In Opinion

Staff editor @tariro writes, ""Never in my wildest dreams did I imagine I would ever side with Taylor Sw‚Ä¶ https://t.co/aHIlVWSuuO"
nytimes,2018-10-12 06:00:04+00:00,67,-0.3182,0.0,0.897,0.103,"By the time Cyclone Titli, the Hindi word for butterfly, touched down in India, half a million people had lost acce‚Ä¶ https://t.co/CLoT3iXDvO"
nytimes,2018-10-12 05:45:04+00:00,68,0.3818,0.123,0.82,0.057,The Florida Panhandle is home to communities that were already hard on their luck and who had little means to escap‚Ä¶ https://t.co/fFnBx1eyul
nytimes,2018-10-12 05:30:03+00:00,69,0.2732,0.1,0.9,0.0,"Stephen Elliott, a writer who appeared on a widely circulated list of men who were said to have committed various f‚Ä¶ https://t.co/briHTz0r0r"
nytimes,2018-10-12 05:23:45+00:00,70,-0.3612,0.125,0.659,0.216,RT @nytimesworld: The AfD is coming under fire for encouraging students to ‚Äúreport‚Äù schoolteachers who they view as violating the country‚Äôs‚Ä¶
nytimes,2018-10-12 05:15:06+00:00,71,-0.3818,0.0,0.833,0.167,"RT @JamesStewartNYT: Trump is losing a Republican campaign theme-- the record setting stock market:
https://t.co/QJhRRkJvuE"
nytimes,2018-10-12 05:02:02+00:00,72,-0.5994,0.0,0.754,0.246,"The dispute over a missing Saudi journalist pits 2 staunch, headstrong leaders against each other. ‚ÄúThese are 2 peo‚Ä¶ https://t.co/qVcqBhLOLE"
nytimes,2018-10-12 04:47:01+00:00,73,0.25,0.071,0.929,0.0,RT @VVFriedman: This was the most diverse season ever on the runway. We should applaud that. But then you look to all the people next to th‚Ä¶
nytimes,2018-10-12 04:30:06+00:00,74,-0.5574,0.0,0.854,0.146,"‚ÄúLast night was just hell,‚Äù said the father of an 11-year-old who died during Hurricane Michael. ‚ÄúI‚Äôm an hour and a‚Ä¶ https://t.co/g54VndcAZ5"
nytimes,2018-10-12 04:17:06+00:00,75,-0.128,0.0,0.923,0.077,The British billionaire Richard Branson is among entrepreneurs and firms cutting ties with Saudi Arabia over the my‚Ä¶ https://t.co/piUUVXBVAy
nytimes,2018-10-12 04:02:03+00:00,76,0.0,0.0,1.0,0.0,"""It was chaos,"" John Cale said about one Velvet Underground show. A new exhibition about the band is now open in Ne‚Ä¶ https://t.co/q5Ty3adzb1"
nytimes,2018-10-12 03:47:01+00:00,77,-0.6808,0.0,0.708,0.292,Some Marriott workers find themselves in a kind of financial double jeopardy: Low pay from Marriott keeps their acc‚Ä¶ https://t.co/nzseu0ryiM
nytimes,2018-10-12 03:32:01+00:00,78,-0.886,0.0,0.606,0.394,A panorama of ruin. Frantic efforts to search the rubble. Residents wandering streets in horror and wonder. The sob‚Ä¶ https://t.co/wX7AhtfZ5o
nytimes,2018-10-12 03:17:04+00:00,79,0.0,0.0,1.0,0.0,"RT @NYTmag: Between 2030 and 2050, climate change is expected to cause the deaths of roughly 250,000 men, women and children each year. htt‚Ä¶"
nytimes,2018-10-12 03:02:04+00:00,80,0.0,0.0,1.0,0.0,President Trump‚Äôs pointed remarks toward the Federal Reserve reflect the high political stakes less than a month be‚Ä¶ https://t.co/36jZCLaYup
nytimes,2018-10-12 02:55:04+00:00,81,-0.4215,0.0,0.882,0.118,RT @nytopinion: Why do Republicans think they can get away with their blatant lies? @PaulKrugman says it's partly because they expect their‚Ä¶
nytimes,2018-10-12 02:47:01+00:00,82,0.0,0.0,1.0,0.0,"The EPA is dissolving a scientific review panel as the agency seeks to revise standards on ozone, particulate matte‚Ä¶ https://t.co/a19lChdgjv"
nytimes,2018-10-12 02:32:03+00:00,83,0.3612,0.122,0.878,0.0,"‚ÄúIt was like hell."" In areas pummeled by Hurricane Michael, hospitals that didn't evacuate were scrambling to take‚Ä¶ https://t.co/kpa9NiyCFo"
nytimes,2018-10-12 02:17:03+00:00,84,0.4588,0.136,0.864,0.0,RT @NYTStyles: Other men have expressed interest in joining the suit against the 'Media Men' list creator and contributors. https://t.co/g2‚Ä¶
nytimes,2018-10-12 02:02:01+00:00,85,-0.4404,0.123,0.616,0.261,"Scrambling to protect their House majority, Republicans are abandoning weaker candidates and building a firewall ar‚Ä¶ https://t.co/PHgSsCvRXo"
nytimes,2018-10-12 01:55:00+00:00,86,0.3612,0.137,0.863,0.0,We want to hear from you. Share a photo of yourself at 18 with the hashtag #ThisIs18. What would you say to the gir‚Ä¶ https://t.co/wsYMTxxo95
nytimes,2018-10-12 01:47:04+00:00,87,0.0,0.0,1.0,0.0,At least 5 states have now reported that they are investigating cases of a rare condition that causes paralysis sim‚Ä¶ https://t.co/OO1JnOHhtE
nytimes,2018-10-12 01:40:00+00:00,88,0.0,0.0,1.0,0.0,We asked each girl to tell us the name of the last song they listened to. This is 18...in sound. https://t.co/vpnHlCzNA0
nytimes,2018-10-12 01:35:00+00:00,89,0.0,0.0,1.0,0.0,Get our On Politics newsletter delivered to your inbox. Sign up here: https://t.co/z8lYRF1UVP
nytimes,2018-10-12 01:32:02+00:00,90,0.4404,0.249,0.581,0.17,"After years as a drag on Democrats, health care has transformed into a powerful ‚Äî and personal ‚Äî weapon for midterm‚Ä¶ https://t.co/WiUPKUByVw"
nytimes,2018-10-12 01:17:06+00:00,91,0.7184,0.222,0.778,0.0,"RT @katierogers: Honestly, there were so many, but this was my favorite exchange.

‚ÄúLook at this, Jared,‚Äù Mr. West said to the president‚Äôs‚Ä¶"
nytimes,2018-10-12 01:10:00+00:00,92,0.0,0.0,1.0,0.0,"Cinzia Russo is finishing up her last year of high school in Berlin, but has spent most of her life in Italy. Her t‚Ä¶ https://t.co/qe4dVAmpO6"
nytimes,2018-10-12 01:02:05+00:00,93,0.0,0.0,1.0,0.0,"Evening Briefing: Here's what you need to know at the end of the day
https://t.co/PqN9lPBl6K"
nytimes,2018-10-12 00:55:00+00:00,94,0.0,0.0,1.0,0.0,"Anndrine Lund lives in Norway and plans to study political science. ""People are becoming more anti-immigrant and we‚Ä¶ https://t.co/UcSTeWRSWW"
nytimes,2018-10-12 00:47:05+00:00,95,-0.9042,0.0,0.582,0.418,RT @alanblinder: A panorama of ruin. Frantic efforts to search the rubble. Residents wandering streets in horror and wonder. The sobering s‚Ä¶
nytimes,2018-10-12 00:40:00+00:00,96,0.0,0.0,1.0,0.0,"Lior Danieli lives in Israel and will be drafted into the military in 2019. ""At this stage of my life, I sincerely‚Ä¶ https://t.co/ee05adB8Tk"
nytimes,2018-10-12 00:32:01+00:00,97,0.5267,0.159,0.841,0.0,"The Banksy painting that self-destructed after selling for $1.4 million? The winning bidder is keeping it, shreds a‚Ä¶ https://t.co/6RJx3BxBoG"
nytimes,2018-10-12 00:17:04+00:00,98,-0.6808,0.0,0.72,0.28,RT @noamscheiber: The neediest Marriott workers face a financial double jeopardy: low pay from Marriott. And because they have little money‚Ä¶
nytimes,2018-10-12 00:10:00+00:00,99,0.25,0.091,0.909,0.0,"Jung Eun Yang lives in South Korea and her dream is to become a makeup artist, something she continually works at.‚Ä¶ https://t.co/MGFi3yKBCq"
nytimes,2018-10-12 00:02:05+00:00,100,-0.5423,0.077,0.725,0.198,Global warming. Violence against women. Right-wing politics. We asked 18-year-old girls around the world what worri‚Ä¶ https://t.co/Y5SC8Pzlrd
